Entity Name,Gene Symbol,EnsemblId(GRch37),Phenotypes
AAAS,AAAS,ENSG00000094914,ACHALASIA-ADDISONIANISM-ALACRIMA SYNDROME
ABCA12,ABCA12,ENSG00000144452,"Ichthyosis, congenital, autosomal recessive 242500"
ABCC6,ABCC6,ENSG00000091262,"ARTERIAL CALCIFICATION, GENERALIZED, OF INFANCY, 2"
ABCC9,ABCC9,ENSG00000069431,CANTU SYNDROME HYPERTRICHOTIC OSTEOCHONDRODYSPLASIA
ABHD5,ABHD5,ENSG00000011198,CHANARIN-DORFMAN SYNDROME
ACAD9,ACAD9,ENSG00000177646,ACYL-COA DEHYDROGENASE FAMILY MEMBER TYPE 9 DEFICIENCY
ACADVL,ACADVL,ENSG00000072778,VERY LONG CHAIN ACYL-COENZYME A DEHYDROGENASE DEFICIENCY
ACAN,ACAN,ENSG00000157766,SPONDYLOEPIPHYSEAL DYSPLASIA TYPE KIMBERLEY;SPONDYLOEPIMETAPHYSEAL DYSPLASIA AGGRECAN TYPE
ACE,ACE,ENSG00000159640,Renal tubular dysgenesis 267430
ACOX1,ACOX1,ENSG00000161533,"ADRENOLEUKODYSTROPHY PSEUDONEONATAL;Peroxisomal acyl-CoA oxidase deficiency, 264470"
ACP5,ACP5,ENSG00000102575,SPONDYLOENCHONDRODYSPLASIA WITH IMMUNE DYSREGULATION
ACTA1,ACTA1,ENSG00000143632,NEMALINE MYOPATHY 3
ACTA2,ACTA2,ENSG00000107796,"AORTIC ANEURYSM, FAMILIAL THORACIC 6;MOYAMOYA DISEASE 5"
ACTB,ACTB,ENSG00000075624,BARAITSER-WINTER SYNDROME;ACTB Haploinsufficiency syndtome
ACTC1,ACTC1,ENSG00000159251,Atrial septal defect 5 612794
ACTG1,ACTG1,ENSG00000184009,BARAITSER-WINTER SYNDROME
ACTG2,ACTG2,ENSG00000163017,Visceral myopathy 155310;Fetal Megacystis
ACY1,ACY1,ENSG00000243989,AMINOACYLASE-1 DEFICIENCY
ADAMTS10,ADAMTS10,ENSG00000142303,"Weill-Marchesani syndrome 1, recessive 277600"
ADAMTS17,ADAMTS17,ENSG00000140470,"Weill-Marchesani 4 syndrome, recessive, 613195"
ADAMTSL2,ADAMTSL2,ENSG00000197859,Geleophysic dysplasia 1 231050
ADAR,ADAR,ENSG00000160710,DYSCHROMATOSIS SYMMETRICA HEREDITARIA 1;AICARDI-GOUTIERES SYNDROME ASSOCIATED WITH A TYPE I INTERFERON SIGNATURE
ADGRG1,ADGRG1,ENSG00000205336,POLYMICROGYRIA
ADGRG6,ADGRG6,ENSG00000112414,LETHAL CONGENITAL CONTRACTURE SYNDROME 9
ADNP,ADNP,ENSG00000101126,"MENTAL RETARDATION, AUTOSOMAL DOMINANT, 28"
ADSL,ADSL,ENSG00000239900,ADENYLOSUCCINASE DEFICIENCY
AFF4,AFF4,ENSG00000072364,CORNELIA DE LANGE-LIKE SYNDROME
AGK,AGK,ENSG00000006530,SENGERS SYNDROME
AGL,AGL,ENSG00000162688,GLYCOGEN STORAGE DISEASE TYPE III
AGPS,AGPS,ENSG00000018510,RHIZOMELIC CHONDRODYSPLASIA PUNCTATA TYPE 3
AHDC1,AHDC1,ENSG00000126705,XIA-GIBBS SYNDROME
AHI1,AHI1,ENSG00000135541,JOUBERT SYNDROME
AKT1,AKT1,ENSG00000142208,PROTEUS SYNDROME
AKT3,AKT3,ENSG00000117020,HEMIMEGALENCEPHALY AKT3
ALDH18A1,ALDH18A1,ENSG00000059573,"CUTIS LAXA, AUTOSOMAL DOMINANT 3;SPASTIC PARAPLEGIA 9, AUTOSOMAL DOMINANT;MENTAL RETARDATION-JOINT HYPERMOBILITY-SKIN LAXITY WITH OR WITHOUT METABOLIC ABNORMALITIES"
ALDH1A3,ALDH1A3,ENSG00000184254,ANOPHTHALMIA/MICROPHTHALMIA
ALDH3A2,ALDH3A2,ENSG00000072210,SJOEGREN-LARSSON SYNDROME
ALDH7A1,ALDH7A1,ENSG00000164904,PYRIDOXINE-DEPENDENT EPILEPSY
ALDOA,ALDOA,ENSG00000149925,GLYCOGEN STORAGE DISEASE XII
ALG1,ALG1,ENSG00000033011,ALG1-CDG
ALG12,ALG12,ENSG00000182858,CONGENITAL DISORDER OF GLYCOSYLATION TYPE 1G
ALG3,ALG3,ENSG00000214160,ALG3-CDG
ALG6,ALG6,ENSG00000088035,ALG6-CDG
ALG8,ALG8,ENSG00000159063,ALG8-CDG
ALG9,ALG9,ENSG00000086848,"Gillessen-Kaesbach-Nishimura syndrome, 263210;AR lethal skeletal dysplasia;ALG9-CDG;Congenital disorder of glycosylation, type Il, 608776;NIHF;hydops fetalis"
ALMS1,ALMS1,ENSG00000116127,ALSTROM SYNDROME
ALPL,ALPL,ENSG00000162551,HYPOPHOSPHATASIA
ALX1,ALX1,ENSG00000180318,FRONTONASAL DYSPLASIA TYPE 3
ALX3,ALX3,ENSG00000156150,FRONTONASAL DYSPLASIA TYPE 1
ALX4,ALX4,ENSG00000052850,FRONTONASAL DYSPLASIA 2;PARIETAL FORAMINA 2
AMER1,AMER1,ENSG00000184675,OSTEOPATHIA STRIATA WITH CRANIAL SCLEROSIS
AMPD2,AMPD2,ENSG00000116337,PONTOCEREBELLAR HYPOPLASIA
AMT,AMT,ENSG00000145020,GLYCINE ENCEPHALOPATHY
ANAPC1,ANAPC1,ENSG00000153107,Rothmund-Thomson Syndrome Type 1
ANKH,ANKH,ENSG00000154122,CHONDROCALCINOSIS 2;CRANIOMETAPHYSEAL DYSPLASIA JACKSON TYPE
ANKRD11,ANKRD11,ENSG00000167522,KBG SYNDROME
ANOS1,ANOS1,ENSG00000011201,Hypogonadotropic hypogonadism 1 with or without anosmia (Kallmann syndrome 1) 308700
ANTXR1,ANTXR1,ENSG00000169604,GAPO SYNDROME
AP1S2,AP1S2,ENSG00000182287,MENTAL RETARDATION X-LINKED TYPE 59
AP4E1,AP4E1,ENSG00000081014,CEREBRAL PALSY SPASTIC QUADRIPLEGIC TYPE 4
AR,AR,ENSG00000169083,ANDROGEN INSENSITIVITY SYNDROME;SPINAL AND BULBAR MUSCULAR ATROPHY
ARCN1,ARCN1,ENSG00000095139,"Microcephalic dwarfism;Short stature, rhizomelic, with microcephaly, micrognathia, and developmental delay, 617164"
ARHGAP31,ARHGAP31,ENSG00000031081,ADAMS-OLIVER SYNDROME 1
ARID1A,ARID1A,ENSG00000117713,COFFIN-SIRIS SYNDROME
ARID1B,ARID1B,ENSG00000049618,"MENTAL RETARDATION, AUTOSOMAL DOMINANT 12;COFFIN SIRIS SYNDROME"
ARL13B,ARL13B,ENSG00000169379,"Joubert syndrome 8, 612291"
ARL6,ARL6,ENSG00000113966,BARDET-BIEDL SYNDROME TYPE 3;RETINITIS PIGMENTOSA TYPE 55
ARMC4,ARMC4,ENSG00000169126,"CILIARY DYSKINESIA, PRIMARY, 23"
ARMC9,ARMC9,ENSG00000135931,Joubert syndrome 30
ARSA,ARSA,ENSG00000100299,ARYLSULFATASE A DEFICIENCY
ARSB,ARSB,ENSG00000113273,MUCOPOLYSACCHARIDOSIS TYPE 6
ARSE,ARSE,ENSG00000157399,"CHONDRODYSPLASIA PUNCTATA 1, X-LINKED"
ARX,ARX,ENSG00000004848,PARTINGTON SYNDROME;MENTAL RETARDATION X-LINKED ARX-RELATED;LISSENCEPHALY X-LINKED TYPE 2;AGENESIS OF THE CORPUS CALLOSUM WITH ABNORMAL GENITALIA;EPILEPTIC ENCEPHALOPATHY EARLY INFANTILE TYPE 1
ASAH1,ASAH1,ENSG00000104763,SPINAL MUSCULAR ATROPHY ASSOCIATED WITH PROGRESSIVE MYOCLONIC EPILEPSY;FARBER LIPOGRANULOMATOSIS
ASCC1,ASCC1,ENSG00000138303,spinal muscular atrophy;arthrogryposis;fetal akinesia;hypotonia;contractures
ASNS,ASNS,ENSG00000070669,Asparagine synthetase deficiency 615574
ASPA,ASPA,ENSG00000108381,CANAVAN DISEASE
ASPM,ASPM,ENSG00000066279,PRIMARY AUTOSOMAL RECESSIVE MICROCEPHALY
ASS1,ASS1,ENSG00000130707,CITRULLINEMIA TYPE I
ASXL1,ASXL1,ENSG00000171456,BOHRING-OPITZ SYNDROME
ATAD3A,ATAD3A,ENSG00000197785,"ATAD3A disorder - global developmental delay, hypotonia, optic atrophy, axonal neuropathy, and hypertrophic cardiomyopathy;ATAD3A disorder -  global developmental delay, hypotonia, optic atrophy, axonal neuropathy, and hypertrophic cardiomyopathy;Harel-Yoon syndrome, 617183"
ATIC,ATIC,ENSG00000138363,AICA-RIBOSURIA
ATP6V0A2,ATP6V0A2,ENSG00000185344,"Wrinkly skin syndrome 219200;Cutis laxa, autosomal recessive, type IIA"
ATP7A,ATP7A,ENSG00000165240,"MENKES DISEASE;OCCIPITAL HORN SYNDROME;SPINAL MUSCULAR ATROPHY, DISTAL, X-LINKED 3"
ATRX,ATRX,ENSG00000085224,MENTAL RETARDATION SYNDROMIC X-LINKED WITH HYPOTONIC FACIES SYNDROME TYPE 1;ALPHA-THALASSEMIA MENTAL RETARDATION SYNDROME X-LINKED NON-DELETION TYPE
B3GALT6,B3GALT6,ENSG00000176022,SPONDYLOEPIMETAPHYSEAL DYSPLASIA WITH JOINT LAXITY TYPE 1;EHLERS-DANLOS SYNDROME
B3GAT3,B3GAT3,ENSG00000149541,"Multiple joint dislocations, short stature, craniofacial dysmorphism, with or without congenital heart defects 245600"
B3GLCT,B3GLCT,ENSG00000187676,PETERS-PLUS SYNDROME 261540
B4GALT7,B4GALT7,ENSG00000027847,EHLERS-DANLOS SYNDROME PROGEROID TYPE
BBS1,BBS1,ENSG00000174483,BARDET-BIEDL SYNDROME TYPE 1
BBS10,BBS10,ENSG00000179941,BARDET-BIEDL SYNDROME TYPE 10
BBS12,BBS12,ENSG00000181004,BARDET-BIEDL SYNDROME TYPE 12
BBS2,BBS2,ENSG00000125124,BARDET-BIEDL SYNDROME TYPE 2
BBS4,BBS4,ENSG00000140463,BARDET-BIEDL SYNDROME TYPE 4
BBS5,BBS5,ENSG00000163093,BARDET-BIEDL SYNDROME TYPE 5
BBS7,BBS7,ENSG00000138686,BARDET-BIEDL SYNDROME TYPE 7
BBS9,BBS9,ENSG00000122507,BARDET-BIEDL SYNDROME TYPE 9
BCAP31,BCAP31,ENSG00000185825,"DEAFNESS, DYSTONIA, AND CENTRAL HYPOMYELINATION WITH DISORGANIZATION OF THE GOLGI APPARATUS"
BCL11A,BCL11A,ENSG00000119866,INTELLECTUAL DISABILITY
BCOR,BCOR,ENSG00000183337,MICROPHTHALMIA SYNDROMIC TYPE 2
BCS1L,BCS1L,ENSG00000074582,"GRACILE SYNDROME;GRACILE syndrome, 603358"
BFSP2,BFSP2,ENSG00000170819,CATARACT AUTOSOMAL DOMINANT BFSP2-RELATED
BGN,BGN,ENSG00000182492,"Severe syndromic form of thoracic aortic aneurysm & dissection;X-Linked Spondyloepimetaphyseal Dysplasia;Meester-Loeys syndrome, 300989;Spondyloepimetaphyseal dysplasia, X-linked, 300106"
BHLHA9,BHLHA9,ENSG00000205899,"SPLIT HAND AND FOOT MALFORMATION;MESOAXIAL SYNOSTOTIC SYNDACTYLY WITH PHALANGEAL REDUCTION, MALIK-PERCIN TYPE"
BICD2,BICD2,ENSG00000185963,"PROXIMAL SPINAL MUSCULAR ATROPHY WITH AUTOSOMAL-DOMINANT INHERITANCE;Spinal muscular atrophy, lower extremity-predominant, 2B, autosomal dominant, 618291;arthrogryposis multiplex congenita (AMC);reduced fetal movements;hydrops fetalis;Pterygium"
BIN1,BIN1,ENSG00000136717,CENTRONUCLEAR MYOPATHY 2
BLM,BLM,ENSG00000197299,BLOOM SYNDROME
BMP1,BMP1,ENSG00000168487,Osteogenesis imperfecta type XIII 614856
BMP2,BMP2,ENSG00000125845,"Short stature, palatal anomalies, congenital heart disease, and skeletal malformations;Brachydactyly, type A2 112600"
BMP4,BMP4,ENSG00000125378,"MICROPHTHALMIA, SYNDROMIC 6;OROFACIAL CLEFT 11"
BMPER,BMPER,ENSG00000164619,DIAPHANOSPONDYLODYSOSTOSIS
BMPR1B,BMPR1B,ENSG00000138696,BRACHYDACTYLY TYPE A2
BRAF,BRAF,ENSG00000157764,CARDIOFACIOCUTANEOUS SYNDROME;LEOPARD SYNDROME TYPE 3;NOONAN SYNDROME TYPE 7
BRAT1,BRAT1,ENSG00000106009,LETHAL NEONATAL RIGIDITY AND SEIZURE SYNDROME
BRCA2,BRCA2,ENSG00000139618,FANCONI ANEMIA COMPLEMENTATION GROUP D TYPE 1
BRIP1,BRIP1,ENSG00000136492,"FANCONI ANEMIA, COMPLEMENTATION GROUP J"
BRPF1,BRPF1,ENSG00000156983,BRPF1 associated syndromic intellectual disability with ptosis
BSND,BSND,ENSG00000162399,BARTTER SYNDROME TYPE 4A
BTD,BTD,ENSG00000169814,BIOTINIDASE DEFICIENCY
BUB1B,BUB1B,ENSG00000156970,MOSAIC VARIEGATED ANEUPLOIDY SYNDROME 1
C11orf70,C11orf70,ENSG00000137691,PRIMARY CILIARY DYSKINESIA
C12orf65,C12orf65,ENSG00000130921,COMBINED OXIDATIVE PHOSPHORYLATION DEFICIENCY 7
C21orf2,C21orf2,ENSG00000160226,Axial Spondylometaphyseal Dysplasia
C5orf42,C5orf42,ENSG00000197603,JOUBERT SYNDROME
C8orf37,C8orf37,ENSG00000156172,CONE-ROD DYSTROPHY 16
CA2,CA2,ENSG00000104267,OSTEOPETROSIS AUTOSOMAL RECESSIVE TYPE 3
CA8,CA8,ENSG00000178538,CEREBELLAR ATAXIA MENTAL RETARDATION AND DYSEQUILIBRIUM SYNDROME TYPE 3
CACNA1C,CACNA1C,ENSG00000151067,TIMOTHY SYNDROME
CACNA1E,CACNA1E,ENSG00000198216,"Developmental and Epileptic Encephalopathy with Contractures Macrocephaly and Dyskinesias;Epileptic Encephalopathy with Contractures, Macrocephaly, and Dyskinesia"
CASK,CASK,ENSG00000147044,MRX WITH/WITHOUT NYSTAGMUS;MENTAL RETARDATION X-LINKED CASK-RELATED;FG SYNDROME TYPE 4
CBL,CBL,ENSG00000110395,NOONAN SYNDROME-LIKE DISORDER WITH OR WITHOUT JUVENILE MEYLOMONOCYTIC LEUKEMIA
CC2D2A,CC2D2A,ENSG00000048342,"JOUBERT SYNDROME 9;COACH SYNDROME;MECKEL SYNDROME, TYPE 6"
CCBE1,CCBE1,ENSG00000183287,HENNEKAM LYMPHANGIECTASIA-LYMPHEDEMA SYNDROME
CCDC103,CCDC103,ENSG00000167131,PRIMARY CILIARY DYSKINESIA
CCDC114,CCDC114,ENSG00000105479,PRIMARY CILIARY DYSKINESIA
CCDC39,CCDC39,ENSG00000145075,"CILIARY DYSKINESIA, PRIMARY, 14"
CCDC40,CCDC40,ENSG00000141519,"CILIARY DYSKINESIA, PRIMARY, 15"
CCND2,CCND2,ENSG00000118971,MEGALENCEPHALY-POLYMICROGYRIA-POLYDACTYLY-HYDROCEPHALUS SYNDROME
CDAN1,CDAN1,ENSG00000140326,"Anemia, congenital dyserythropoietic, type I 224120"
CDC45,CDC45,ENSG00000093009,Meier-Gorlin Syndrome and Craniosynostosis
CDC6,CDC6,ENSG00000094804,MEIER-GORLIN SYNDROME 5
CDH1,CDH1,ENSG00000039068,Blepharo-cheiro-dontic syndrome
CDH3,CDH3,ENSG00000062038,"EEM SYNDROME;HYPOTRICHOSIS, CONGENITAL, WITH JUVENILE MACULAR DYSTROPHY"
CDK13,CDK13,ENSG00000065883,Syndromic INTELLECTUAL DISABILITY with or without congenital heart disease
CDKL5,CDKL5,ENSG00000008086,EPILEPTIC ENCEPHALOPATHY EARLY INFANTILE TYPE 2
CDKN1C,CDKN1C,ENSG00000129757,BECKWITH-WIEDEMANN SYNDROME;IMAGe Syndrome
CDON,CDON,ENSG00000064309,HOLOPROSENCEPHALY 11
CDT1,CDT1,ENSG00000167513,MEIER-GORLIN SYNDROME 4
CENPJ,CENPJ,ENSG00000151849,MICROCEPHALY PRIMARY TYPE 6;SECKEL SYNDROME TYPE 4
CEP104,CEP104,ENSG00000116198,JOUBERT SYNDROME
CEP152,CEP152,ENSG00000103995,MICROCEPHALY PRIMARY TYPE 4;SECKEL SYNDROME TYPE 5
CEP164,CEP164,ENSG00000110274,Nephronophthisis 15 614845
CEP290,CEP290,ENSG00000198707,JOUBERT SYNDROME TYPE 5;LEBER CONGENITAL AMAUROSIS TYPE 10;SENIOR-LOKEN SYNDROME TYPE 6;BARDET-BIEDL SYNDROME TYPE 14;MECKEL SYNDROME TYPE 4
CEP41,CEP41,ENSG00000106477,JOUBERT SYNDROME 15
CEP55,CEP55,ENSG00000138180,"Multinucleated neurons, anhydramnios, renal dysplasia, cerebellar hypoplasia, and hydranencephaly, 236500;lethal CEP55-related syndromes"
CEP57,CEP57,ENSG00000166037,MOSAIC VARIEGATED ANEUPLOIDY SYNDROME 2
CEP83,CEP83,ENSG00000173588,INFANTILE NEPHRONOPHTHISIS AND INTELLECTUAL DISABILITY
CFC1,CFC1,ENSG00000136698,"CFC1-RELATED CONOTRUNCAL HEART MALFORMATIONS;Heterotaxy, visceral, 2, autosomal, 605376"
CFTR,CFTR,ENSG00000001626,Cystic fibrosis 219700
CHAMP1,CHAMP1,ENSG00000198824,INTELLECTUAL DISABILITY
CHAT,CHAT,ENSG00000070748,"Myasthenic syndrome, congenital, 6, presynaptic 254210"
CHD4,CHD4,ENSG00000111642,Syndromic INTELLECTUAL DISABILITY with or without congenital heart disease
CHD7,CHD7,ENSG00000171316,KALLMANN SYNDROME TYPE 5;IDIOPATHIC HYPOGONADOTROPIC HYPOGONADISM;CHARGE SYNDROME
CHKB,CHKB,ENSG00000100288,"Muscular dystrophy, congenital, megaconial type 602541"
CHRNA1,CHRNA1,ENSG00000138435,"MULTIPLE PTERYGIUM SYNDROME LETHAL TYPE;Multiple pterygium syndrome, lethal type, 253290"
CHRND,CHRND,ENSG00000135902,"Several associated, probably most relevant is lethal multiple pterygium syndrome 253290"
CHRNG,CHRNG,ENSG00000196811,MULTIPLE PTERYGIUM SYNDROME ESCOBAR VARIANT
CHST14,CHST14,ENSG00000169105,EHLERS-DANLOS SYNDROME MUSCULOCONTRACTURAL TYPE
CHST3,CHST3,ENSG00000122863,SPONDYLOEPIPHYSEAL DYSPLASIA WITH CONGENITAL JOINT DISLOCATIONS
CHSY1,CHSY1,ENSG00000131873,TEMTAMY PREAXIAL BRACHYDACTYLY SYNDROME
CHUK,CHUK,ENSG00000213341,COCOON SYNDROME
CKAP2L,CKAP2L,ENSG00000169607,"FILIPPI SYNDROME. SYNDACTYLY, TYPE I, WITH MICROCEPHALY AND MENTAL RETARDATION"
CLCN7,CLCN7,ENSG00000103249,CLCN7-RELATED OSTEOPETROSIS
CLPB,CLPB,ENSG00000162129,"3-METHYLGLUTACONIC ACIDURIA, TYPE VII, WITH CATARACTS, NEUROLOGIC INVOLVEMENT AND NEUTROPENIA"
CNOT1,CNOT1,ENSG00000125107,"Holoprosencephaly 12, with or without pancreatic agenesis, 618500"
CNOT3,CNOT3,ENSG00000088038,"CNOT3 syndrome;Intellectual developmental disorder with speech delay, autism, and dysmorphic facies, 618672"
CNTNAP1,CNTNAP1,ENSG00000108797,LETHAL CONGENITAL CONTRACTURE SYNDROME 7
CNTNAP2,CNTNAP2,ENSG00000174469,CORTICAL DYSPLASIA-FOCAL EPILEPSY SYNDROME
COASY,COASY,ENSG00000068120,NEURODEGENERATION WITH BRAIN IRON ACCUMULATION
COG1,COG1,ENSG00000166685,COG1-CDG
COG4,COG4,ENSG00000103051,"COG4-CDG;Saul-Wilson syndrome, 618150"
COG7,COG7,ENSG00000168434,COG7-CDG
COG8,COG8,ENSG00000213380,COG8-CDG
COL10A1,COL10A1,ENSG00000123500,SCHMID TYPE METAPHYSEAL CHONDRODYSPLASIA
COL11A1,COL11A1,ENSG00000060718,"FIBROCHONDROGENESIS;STICKLER SYNDROME, TYPE II"
COL11A2,COL11A2,ENSG00000204248,WEISSENBACHER-ZWEYMUELLER SYNDROME;DEAFNESS AUTOSOMAL RECESSIVE TYPE 53;AUTOSOMAL RECESSIVE OTOSPONDYLOMEGAEPIPHYSEAL DYSPLASIA;DEAFNESS AUTOSOMAL DOMINANT TYPE 13;STICKLER SYNDROME TYPE 3
COL18A1,COL18A1,ENSG00000182871,KNOBLOCH SYNDROME TYPE I
COL1A1,COL1A1,ENSG00000108821,"COL1A1/2-RELATED OSTEOGENESIS IMPERFECTA;EHLERS-DANLOS SYNDROME, CLASSIC TYPE, COL1A1-RELATED;OSTEOGENESIS IMPERFECTA TYPE III;EHLERS-DANLOS SYNDROME TYPE VIIA;OSTEOGENESIS IMPERFECTA TYPE IIA;CAFFEY DISEASE;OSTEOGENESIS IMPERFECTA TYPE I"
COL1A2,COL1A2,ENSG00000164692,Ehlers-Danlos syndrome;Osteogenesis imperfecta
COL2A1,COL2A1,ENSG00000139219,SPONDYLOEPIMETAPHYSEAL DYSPLASIA STRUDWICK TYPE;SPONDYLOPERIPHERAL DYSPLASIA;STICKLER SYNDROME TYPE 1 NON-SYNDROMIC OCULAR;PLATYSPONDYLIC LETHAL SKELETAL DYSPLASIA TORRANCE TYPE;ACHONDROGENESIS TYPE 2;RHEGMATOGENOUS RETINAL DETACHMENT AUTOSOMAL DOMINANT;SPONDYLOEPIPHYSEAL DYSPLASIA CONGENITA;KNIEST DYSPLASIA
COL4A1,COL4A1,ENSG00000187498,PORENCEPHALY 1
COL4A2,COL4A2,ENSG00000134871,PORENCEPHALY 2
COL4A3BP,COL4A3BP,ENSG00000113163,INTELLECTUAL DISABILITY
COL6A1,COL6A1,ENSG00000142156,COL6A1 associated myopathy
COL6A2,COL6A2,ENSG00000142173,Ullrich congenital muscular dystrophy 1 254090;Bethlem myopathy 1 158810
COL6A3,COL6A3,ENSG00000163359,ULLRICH CONGENITAL MUSCULAR DYSTROPHY 1;DYSTONIA 27
COL9A1,COL9A1,ENSG00000112280,STICKLER SYNDROME TYPE 4;MULTIPLE EPIPHYSEAL DYSPLASIA TYPE 6
COL9A2,COL9A2,ENSG00000049089,"MULTIPLE EPIPHYSEAL DYSPLASIA TYPE 2;STICKLER SYNDROME, TYPE V"
COLEC11,COLEC11,ENSG00000118004,3MC SYNDROME 2
COQ4,COQ4,ENSG00000167113,"COENZYME Q10 DEFICIENCY, PRIMARY, 7"
COQ9,COQ9,ENSG00000088682,COENZYME Q10 DEFICIENCY
COX7B,COX7B,ENSG00000131174,MICROPHTHALMIA WITH LINEAR SKIN LESIONS
CPT2,CPT2,ENSG00000157184,"CPT deficiency, hepatic, type II 600649;CPT II deficiency, lethal neonatal 608836;Myopathy due to CPT II deficiency 255110"
CRB2,CRB2,ENSG00000148204,VENTRICULOMEGALY WITH CYSTIC KIDNEY DISEASE
CREBBP,CREBBP,ENSG00000005339,CREBBP intellectual disability without typical RTS features;RUBINSTEIN-TAYBI SYNDROME TYPE 1
CRLF1,CRLF1,ENSG00000006016,Cold-induced sweating syndrome 1 272430
CRTAP,CRTAP,ENSG00000170275,"Osteogenesis imperfecta, type VII 610682"
CRYAA,CRYAA,ENSG00000160202,"CATARACT, AUTOSOMAL RECESSIVE CONGENITAL 1;CATARACT, NUCLEAR"
CRYBA1,CRYBA1,ENSG00000108255,CATARACT CONGENITAL ZONULAR WITH SUTURAL OPACITIES
CRYBA4,CRYBA4,ENSG00000196431,CATARACT ZONULAR TYPE 2
CRYBB1,CRYBB1,ENSG00000100122,"CATARACT 17, MULTIPLE TYPES;CATARACT 17, MULTIPLE TYPES, MONOALLELIC;CATARACT, CONGENITAL NUCLEAR, AUTOSOMAL RECESSIVE 3"
CRYBB2,CRYBB2,ENSG00000244752,"CATARACT, COPPOCK-LIKE;CATARACT, CONGENITAL, CERULEAN TYPE, 2"
CRYBB3,CRYBB3,ENSG00000100053,"CATARACT, CONGENITAL NUCLEAR, AUTOSOMAL RECESSIVE 2"
CRYGC,CRYGC,ENSG00000163254,CATARACT AUTOSOMAL DOMINANT
CRYGD,CRYGD,ENSG00000118231,CATARACT AUTOSOMAL DOMINANT;CATARACT CONGENITAL CERULEAN TYPE 3
CSNK2A1,CSNK2A1,ENSG00000101266,"CSNK2A1 syndrome;Okur-Chung neurodevelopmental syndrome, 617062"
CSPP1,CSPP1,ENSG00000104218,JOUBERT SYNDROME WITH OR WITHOUT JEUNE ASPHYXIATING THORACIC DYSTROPHY
CTC1,CTC1,ENSG00000178971,CEREBRORETINAL MICROANGIOPATHY WITH CALCIFICATIONS AND CYSTS
CTCF,CTCF,ENSG00000102974,INTELLECTUAL DISABILITY
CTNNB1,CTNNB1,ENSG00000168036,"MENTAL RETARDATION, AUTOSOMAL DOMINANT 19"
CTSA,CTSA,ENSG00000064601,GALACTOSIALIDOSIS
CTSD,CTSD,ENSG00000117984,NEURONAL CEROID LIPOFUSCINOSIS TYPE 10
CTSK,CTSK,ENSG00000143387,PYCNODYSOSTOSIS
CUL4B,CUL4B,ENSG00000158290,MENTAL RETARDATION SYNDROMIC X-LINKED CABEZAS TYPE
CUL7,CUL7,ENSG00000044090,3-M SYNDROME 1
CWC27,CWC27,ENSG00000153015,"Retinitis pigmentosa, skeletal anomalies and intellectual disability"
CYP11A1,CYP11A1,ENSG00000140459,"Adrenal insufficiency, congenital, with 46XY sex reversal, partial or complete 613743"
CYP11B1,CYP11B1,ENSG00000160882,"Aldosteronism, glucocorticoid-remediable 103900;Adrenal hyperplasia, congenital, due to 11-beta-hydroxylase deficiency 202010"
CYP17A1,CYP17A1,ENSG00000148795,"17-alpha-hydroxylase/17,20-lyase deficiency;17,20-lyase deficiency, isolated"
CYP1B1,CYP1B1,ENSG00000138061,PRIMARY CONGENITAL GLAUCOMA TYPE 3A
CYP21A2,CYP21A2,ENSG00000231852,"Hyperandrogenism, nonclassic type, due to 21-hydroxylase deficiency;Adrenal hyperplasia, congenital, due to 21-hydroxylase deficiency"
CYP2U1,CYP2U1,ENSG00000155016,HEREDITARY SPASTIC PARAPLEGIA
DAG1,DAG1,ENSG00000173402,MUSCULAR DYSTROPHY-DYSTROGLYCANOPATHY LIMB-GIRDLE TYPE C7
DARS,DARS,ENSG00000115866,HYPOMYELINATION WITH BRAIN STEM AND SPINAL CORD INVOLVEMENT AND LEG SPASTICITY.
DCHS1,DCHS1,ENSG00000166341,PERIVENTRICULAR NEURONAL HETEROTOPIA
DCX,DCX,ENSG00000077279,SUBCORTICAL BAND HETEROTOPIA X-LINKED;LISSENCEPHALY X-LINKED TYPE 1
DDR2,DDR2,ENSG00000162733,SPONDYLOEPIMETAPHYSEAL DYSPLASIA SHORT LIMB-HAND TYPE
DDX11,DDX11,ENSG00000013573,WARSAW BREAKAGE SYNDROME
DDX3X,DDX3X,ENSG00000215301,"INTELLECTUAL DIABILITY;Intellectual disability;Mental retardation, X-linked 102, 300958"
DHCR24,DHCR24,ENSG00000116133,DESMOSTEROLOSIS
DHCR7,DHCR7,ENSG00000172893,SMITH-LEMLI-OPITZ SYNDROME
DHFR,DHFR,ENSG00000228716,MEGALOBLASTIC ANEMIA DUE TO DIHYDROFOLATE REDUCTASE DEFICIENCY
DHODH,DHODH,ENSG00000102967,POSTAXIAL ACROFACIAL DYSOSTOSIS
DIS3L2,DIS3L2,ENSG00000144535,PERLMAN SYNDROME
DKC1,DKC1,ENSG00000130826,"DYSKERATOSIS CONGENITA, X-LINKED;DKC1-RELATED DYSKERATOSIS CONGENITA"
DLL3,DLL3,ENSG00000090932,SPONDYLOCOSTAL DYSOSTOSIS TYPE 1
DLL4,DLL4,ENSG00000128917,ADAMS-OLIVER SYNDROME 6
DMPK,DMPK,ENSG00000104936,DYSTROPHIA MYOTONICA TYPE 1
DNAAF1,DNAAF1,ENSG00000154099,Primary ciliary dyskinesia 613193
DNAAF3,DNAAF3,ENSG00000167646,"PRIMARY CILIARY DYSKINEASIA;Ciliary dyskinesia, primary, 2, MIM:606763"
DNAAF4,DNAAF4,ENSG00000256061,PRIMARY CILIARY DYSPLASIA
DNAH11,DNAH11,ENSG00000105877,Primary ciliary dyskinesia 611884
DNAH5,DNAH5,ENSG00000039139,"CILIARY DYSKINESIA, PRIMARY, 3;Primary ciliary dyskinesia 608644;heterotaxy"
DNAH9,DNAH9,ENSG00000007174,Motile Cilia Defects and Situs Inversus
DNAI1,DNAI1,ENSG00000122735,Primary ciliary dyskinesia 244400
DNMT3A,DNMT3A,ENSG00000119772,OVERGROWTH SYNDROME WITH INTELLECTUAL DISABILITY
DNMT3B,DNMT3B,ENSG00000088305,IMMUNODEFICIENCY-CENTROMERIC INSTABILITY-FACIAL ANOMALIES SYNDROME 1
DOCK6,DOCK6,ENSG00000130158,ADAMS-OLIVER SYNDROME 2
DOK7,DOK7,ENSG00000175920,"?Fetal akinesia deformation sequence 3, 618389;Myasthenic syndrome, congenital, 10, 254300"
DOLK,DOLK,ENSG00000175283,CONGENITAL DISORDERS OF GLYCOSYLATION
DPAGT1,DPAGT1,ENSG00000172269,"MYASTHENIC SYNDROME, CONGENITAL, WITH TUBULAR AGGREGATES 2;DPAGT1-CDG"
DPM1,DPM1,ENSG00000000419,CONGENITAL DISORDERS OF GLYCOSYLATION
DSP,DSP,ENSG00000096696,"Arrhythmogenic right ventricular dysplasia 8  607450;Keratosis palmoplantaris striata II,  612908;Cardiomyopathy, dilated, with woolly hair and keratoderma 605676;Skin fragility-woolly hair syndrome 607655;Dilated cardiomyopathy with woolly hair, keratoderma, and tooth agenesis 615821;Epidermolysis bullosa, lethal acantholytic 609638"
DSTYK,DSTYK,ENSG00000133059,"CONGENITAL ANOMALIES OF KIDNEY AND URINARY TRACT, CAKUT1"
DVL1,DVL1,ENSG00000107404,AUTOSOMAL-DOMINANT ROBINOW SYNDROME
DVL3,DVL3,ENSG00000161202,AUTOSOMAL-DOMINANT ROBINOW SYNDROME
DYM,DYM,ENSG00000141627,SMITH-MCCORT DYSPLASIA;DYGGVE-MELCHIOR-CLAUSEN SYNDROME
DYNC1H1,DYNC1H1,ENSG00000197102,"SEVERE ID WITH NEURONAL MIGRATION DISORDER;SPINAL MUSCULAR ATROPHY, LOWER EXTREMITY-PREDOMINANT, AD"
DYNC2H1,DYNC2H1,ENSG00000187240,SHORT RIB-POLYDACTYLY SYNDROME TYPE 3;ASPHYXIATING THORACIC DYSTROPHY TYPE 3
DYRK1A,DYRK1A,ENSG00000157540,MENTAL RETARDATION AUTOSOMAL DOMINANT TYPE 7
EBF3,EBF3,ENSG00000108001,"Intellectual Disability, Ataxia, and Facial Dysmorphism"
EBP,EBP,ENSG00000147155,"CHONDRODYSPLASIA PUNCTATA 2, X-LINKED"
ECEL1,ECEL1,ENSG00000171551,DISTAL ARTHROGRYPOSIS TYPE 5D
EDA,EDA,ENSG00000158813,TOOTH AGENESIS SELECTIVE X-LINKED TYPE 1;ECTODERMAL DYSPLASIA TYPE 1
EDNRA,EDNRA,ENSG00000151617,MANDIBULOFACIAL DYSOSTOSIS WITH ALOPECIA
EDNRB,EDNRB,ENSG00000136160,ABCD SYNDROME
EFNB1,EFNB1,ENSG00000090776,CRANIOFRONTONASAL SYNDROME
EFTUD2,EFTUD2,ENSG00000108883,MANDIBULOFACIAL DYSOSTOSIS WITH MICROCEPHALY
EHMT1,EHMT1,ENSG00000181090,9Q SUBTELOMERIC DELETION SYNDROME
EIF2AK3,EIF2AK3,ENSG00000172071,WOLCOTT-RALLISON SYNDROME
EIF2B2,EIF2B2,ENSG00000119718,"Leukoencephalopathy with vanishing white matter, 603896"
EIF2B3,EIF2B3,ENSG00000070785,vanishing white matter disease 603896
EIF4A3,EIF4A3,ENSG00000141543,RICHIERI-COSTA-PEREIRA SYNDROME
ELAC2,ELAC2,ENSG00000006744,"INFANTILE HYPERTROPHIC CARDIOMYOPATHY, LACTIC ACIDOSIS, AND ISOLATED COMPLEX I DEFICIENCY"
ELN,ELN,ENSG00000049540,ELN-RELATED CUTIS LAXA;SUPRAVALVAR AORTIC STENOSIS
ELOVL4,ELOVL4,ENSG00000118402,"ICHTHYOSIS, SPASTIC QUADRIPLEGIA, AND MENTAL RETARDATION"
EMD,EMD,ENSG00000102119,"Emery-Dreifuss muscular dystrophy 1, X-linked 310300"
EOGT,EOGT,ENSG00000163378,ADAMS OLIVER SYNDROME
EP300,EP300,ENSG00000100393,RUBINSTEIN-TAYBI SYNDROME TYPE 2
EPG5,EPG5,ENSG00000152223,"IMMUNODEFICIENCY WITH CLEFT LIP/PALATE, CATARACT, HYPOPIGMENTATION, AND ABSENT CORPUS CALLOSUM"
EPHB4,EPHB4,ENSG00000196411,hydrops fetalis gene
ERCC1,ERCC1,ENSG00000012061,CEREBROOCULOFACIOSKELETAL SYNDROME 4;FANCONI ANEMIA
ERCC2,ERCC2,ENSG00000104884,XERODERMA PIGMENTOSUM COMPLEMENTATION GROUP D;CEREBRO-OCULO-FACIO-SKELETAL SYNDROME TYPE 2;TRICHOTHIODYSTROPHY PHOTOSENSITIVE
ERCC3,ERCC3,ENSG00000163161,XERODERMA PIGMENTOSUM COMPLEMENTATION GROUP B;TRICHOTHIODYSTROPHY PHOTOSENSITIVE
ERCC4,ERCC4,ENSG00000175595,"XFE PROGEROID SYNDROME;FANCONI ANEMIA, COMPLEMENTATION GROUP Q;PRIMORDIAL DWARFISM;XERODERMA PIGMENTOSUM, GROUP F;Xeroderma pigmentosum, group F, 278760"
ERCC5,ERCC5,ENSG00000134899,XERODERMA PIGMENTOSUM COMPLEMENTATION GROUP G
ERCC6,ERCC6,ENSG00000225830,UV-SENSITIVE SYNDROME;CEREBRO-OCULO-FACIO-SKELETAL SYNDROME TYPE 1;COCKAYNE SYNDROME TYPE B;DE SANCTIS-CACCHIONE SYNDROME
ERCC8,ERCC8,ENSG00000049167,COCKAYNE SYNDROME TYPE A
ERF,ERF,ENSG00000105722,"COMPLEX CRANIOSYNOSTOSIS;Chitayat syndrome: hyperphalangism, characteristic facies, hallux valgus and bronchomalacia"
ESCO2,ESCO2,ENSG00000171320,SC PHOCOMELIA SYNDROME;ROBERTS SYNDROME
ETFA,ETFA,ENSG00000140374,GLUTARIC ACIDURIA TYPE 2A
ETFB,ETFB,ENSG00000105379,GLUTARIC ACIDURIA TYPE 2B
ETFDH,ETFDH,ENSG00000171503,GLUTARIC ACIDURIA TYPE 2C
EVC,EVC,ENSG00000072840,ELLIS-VAN CREVELD SYNDROME;ACROFACIAL DYSOSTOSIS WEYERS TYPE
EVC2,EVC2,ENSG00000173040,ELLIS-VAN CREVELD SYNDROME;ACROFACIAL DYSOSTOSIS WEYERS TYPE
EXOC3L2,EXOC3L2,ENSG00000130201,Dandy-Walker malformation;Meckel-Gruber-like syndrome
EXOSC3,EXOSC3,ENSG00000107371,PONTOCEREBELLAR HYPOPLASIA TYPE 1
EXT1,EXT1,ENSG00000182197,HEREDITARY MULTIPLE EXOSTOSES TYPE 1;TRICHO-RHINO-PHALANGEAL SYNDROME TYPE 2
EXT2,EXT2,ENSG00000151348,"EXOSTOSES, MULTIPLE, TYPE 2"
EYA1,EYA1,ENSG00000104313,BRANCHIOOTORENAL SYNDROME TYPE 1
EZH2,EZH2,ENSG00000106462,WEAVER SYNDROME 2
FAH,FAH,ENSG00000103876,TYROSINEMIA TYPE 1
FAM111A,FAM111A,ENSG00000166801,KENNY-CAFFEY SYNDROME
FAM126A,FAM126A,ENSG00000122591,LEUKODYSTROPHY HYPOMYELINATING TYPE 5
FAM20A,FAM20A,ENSG00000108950,AMELOGENESIS IMPERFECTA AND GINGIVAL FIBROMATOSIS SYNDROME
FAM20C,FAM20C,ENSG00000177706,RAINE SYNDROME
FAM58A,FAM58A,ENSG00000147382,STAR SYNDROME
FANCA,FANCA,ENSG00000187741,"FANCONI ANEMIA, COMPLEMENTATION GROUP A"
FANCB,FANCB,ENSG00000181544,FANCB-RELATED FANCONI ANEMIA
FANCC,FANCC,ENSG00000158169,"FANCONI ANEMIA, COMPLEMENTATION GROUP C"
FANCD2,FANCD2,ENSG00000144554,"FANCONI ANEMIA, COMPLEMENTATION GROUP D2"
FANCE,FANCE,ENSG00000112039,"FANCONI ANEMIA, COMPLEMENTATION GROUP E"
FANCF,FANCF,ENSG00000183161,"FANCONI ANEMIA, COMPLEMENTATION GROUP F"
FANCG,FANCG,ENSG00000221829,"FANCONI ANEMIA, COMPLEMENTATION GROUP G"
FANCI,FANCI,ENSG00000140525,FANCI-RELATED FANCONI ANEMIA;FANCONI ANEMIA
FAR1,FAR1,ENSG00000197601,"SEVERE INTELLECTUAL DISABILITY, EPILEPSY, AND CATARACTS"
FAT4,FAT4,ENSG00000196159,PERIVENTRICULAR NEURONAL HETEROTOPIA
FBLN5,FBLN5,ENSG00000140092,Cutis laxa 614434;Cutis laxa 219100
FBN1,FBN1,ENSG00000166147,SHPRINTZEN-GOLDBERG CRANIOSYNOSTOSIS SYNDROME;MARFAN SYNDROME;MASS SYNDROME/OVERLAP CONNECTIVE TISSUE DISEASE
FBN2,FBN2,ENSG00000138829,CONGENITAL CONTRACTURAL ARACHNODACTYLY
FBXL4,FBXL4,ENSG00000112234,"FATAL ENCEPHALOPATHY, LACTIC ACIDOSIS, AND SEVERE MTDNA DEPLETION IN MUSCLE"
FGD1,FGD1,ENSG00000102302,AARSKOG-SCOTT SYNDROME
FGF10,FGF10,ENSG00000070193,LADD SYNDROME
FGF3,FGF3,ENSG00000186895,"DEAFNESS WITH LABYRINTHINE APLASIA, MICROTIA AND MICRODONTIA"
FGF8,FGF8,ENSG00000107831,Hypogonadotropic hypogonadism 6 with or without anosmia 612702
FGFR1,FGFR1,ENSG00000077782,IDIOPATHIC HYPOGONADOTROPIC HYPOGONADISM;OSTEOGLOPHONIC DYSPLASIA;PFEIFFER SYNDROME;KALLMANN SYNDROME TYPE 2;Hartsfield syndrome;Encephalocraniocutaneous lipomatosis
FGFR2,FGFR2,ENSG00000066468,BEARE-STEVENSON CUTIS GYRATA SYNDROME;LACRIMO-AURICULO-DENTO-DIGITAL SYNDROME;JACKSON-WEISS SYNDROME;ACROCEPHALOSYNDACTYLY TYPE V;FAMILIAL SCAPHOCEPHALY SYNDROME;ANTLEY-BIXLER SYNDROME;CROUZON SYNDROME;APERT SYNDROME
FGFR3,FGFR3,ENSG00000068078,LACRIMO-AURICULO-DENTO-DIGITAL SYNDROME;MUENKE SYNDROME;ACHONDROPLASIA;CROUZON SYNDROME WITH ACANTHOSIS NIGRICANS;CAMPTODACTYLY TALL STATURE AND HEARING LOSS SYNDROME;HYPOCHONDROPLASIA;THANATOPHORIC DYSPLASIA TYPE 2;THANATOPHORIC DYSPLASIA TYPE 1
FH,FH,ENSG00000091483,FUMARASE DEFICIENCY
FKBP14,FKBP14,ENSG00000106080,"EHLERS-DANLOS SYNDROME WITH PROGRESSIVE KYPHOSCOLIOSIS, MYOPATHY, AND HEARING LOSS"
FKRP,FKRP,ENSG00000181027,MUSCULAR DYSTROPHY-DYSTROGLYCANOPATHY CONGENITAL WITH OR WITHOUT MENTAL RETARDATION TYPE B5;MUSCULAR DYSTROPHY-DYSTROGLYCANOPATHY LIMB-GIRDLE TYPE C5;MUSCULAR DYSTROPHY-DYSTROGLYCANOPATHY CONGENITAL WITH BRAIN AND EYE ANOMALIES TYPE A5
FKTN,FKTN,ENSG00000106692,MUSCULAR DYSTROPHY-DYSTROGLYCANOPATHY CONGENITAL WITHOUT MENTAL RETARDATION TYPE B4;CARDIOMYOPATHY DILATED TYPE 1X;MUSCULAR DYSTROPHY-DYSTROGLYCANOPATHY LIMB-GIRDLE TYPE C4;MUSCULAR DYSTROPHY-DYSTROGLYCANOPATHY CONGENITAL WITH BRAIN AND EYE ANOMALIES TYPE A4
FLNA,FLNA,ENSG00000196924,TERMINAL OSSEOUS DYSPLASIA;OTOPALATODIGITAL SYNDROME TYPE 1;EPILEPTIC ENCEPHALOPATHY;MELNICK-NEEDLES SYNDROME;PERIVENTRICULAR NODULAR HETEROTOPIA TYPE 1;FG SYNDROME TYPE 2;X-LINKED CONGENITAL IDIOPATHIC INTESTINAL PSEUDOOBSTRUCTION;OTOPALATODIGITAL SYNDROME TYPE 2;FRONTOMETAPHYSEAL DYSPLASIA
FLNB,FLNB,ENSG00000136068,ATELOSTEOGENESIS TYPE 1;BOOMERANG DYSPLASIA;SPONDYLOCARPOTARSAL SYNOSTOSIS SYNDROME;AUTOSOMAL DOMINANT LARSEN SYNDROME;ATELOSTEOGENESIS TYPE 3
FLT4,FLT4,ENSG00000037280,MILROY DISEASE
FLVCR2,FLVCR2,ENSG00000119686,PROLIFERATIVE VASCULOPATHY AND HYDRAENCEPHALY-HYDROCEPHALY SYNDROME
FOLR1,FOLR1,ENSG00000110195,NEURODEGENERATION DUE TO CEREBRAL FOLATE TRANSPORT DEFICIENCY
FOXC1,FOXC1,ENSG00000054598,IRIDOGONIODYSGENESIS ANOMALY;AXENFELD-RIEGER SYNDROME TYPE 3;PETERS ANOMALY
FOXC2,FOXC2,ENSG00000176692,LYMPHEDEMA-DISTICHIASIS SYNDROME;HEREDITARY LYMPHEDEMA II
FOXE1,FOXE1,ENSG00000178919,BAMFORTH-LAZARUS SYNDROME
FOXE3,FOXE3,ENSG00000186790,ANTERIOR SEGMENT MESENCHYMAL DYSGENESIS;CONGENITAL PRIMARY APHAKIA
FOXF1,FOXF1,ENSG00000103241,ALVEOLAR CAPILLARY DYSPLASIA WITH MISALIGNMENT OF PULMONARY VEINS
FOXG1,FOXG1,ENSG00000176165,CONGENITAL VARIANT OF RETT SYNDROME
FOXP3,FOXP3,ENSG00000049768,IPEX SYNDROME
FOXRED1,FOXRED1,ENSG00000110074,MITOCHONDRIAL COMPLEX I DEFICIENCY
FRAS1,FRAS1,ENSG00000138759,FRASER SYNDROME
FREM1,FREM1,ENSG00000164946,MANITOBA OCULOTRICHOANAL SYNDROME
FREM2,FREM2,ENSG00000150893,FRASER SYNDROME
FRMD4A,FRMD4A,ENSG00000151474,"?Corpus callosum, agenesis of, with facial anomalies and cerebellar ataxia, 616819"
FTL,FTL,ENSG00000087086,HEREDITARY HYPERFERRITINEMIA-CATARACT SYNDROME
FYCO1,FYCO1,ENSG00000163820,"CATARACT, AUTOSOMAL RECESSIVE CONGENITAL 2"
G6PC3,G6PC3,ENSG00000141349,"Dursun syndrome;Neutropenia, severe congenital 4, autosomal recessive"
GAA,GAA,ENSG00000171298,GLYCOGEN STORAGE DISEASE TYPE II
GALC,GALC,ENSG00000054983,KRABBE DISEASE
GALE,GALE,ENSG00000117308,EPIMERASE-DEFICIENCY GALACTOSEMIA
GALK1,GALK1,ENSG00000108479,GALACTOSEMIA II
GALNS,GALNS,ENSG00000141012,MUCOPOLYSACCHARIDOSIS TYPE 4A
GATA2,GATA2,ENSG00000179348,EMBERGER SYNDROME
GATA4,GATA4,ENSG00000136574,ATRIAL SEPTAL DEFECT TYPE 2
GATA6,GATA6,ENSG00000141448,"ATRIAL SEPTAL DEFECT 9;PANCREATIC AGENESIS, DIAPHRAGMATIC HERNIA AND CONGENITAL HEART DEFECTS;ATRIOVENTRICULAR SEPTAL DEFECT 5"
GBA,GBA,ENSG00000177628,GAUCHER DISEASE TYPE 3C;GAUCHER DISEASE TYPE 1;GAUCHER DISEASE PERINATAL LETHAL;GAUCHER DISEASE TYPE 3;GAUCHER DISEASE;GAUCHER DISEASE TYPE 2
GBA2,GBA2,ENSG00000070610,AUTOSOMAL-RECESSIVE CEREBELLAR ATAXIA WITH SPASTICITY.
GBE1,GBE1,ENSG00000114480,"Glycogen storage disease IV;Polyglucosan body disease, adult form;Fetal akinesia deformation sequence"
GCDH,GCDH,ENSG00000105607,GLUTARICACIDEMIA TYPE 1
GDF5,GDF5,ENSG00000125965,BRACHYDACTYLY TYPE C;SYMPHALANGISM PROXIMAL SYNDROME;DU PAN SYNDROME;BRACHYDACTYLY TYPE A1;ACROMESOMELIC CHONDRODYSPLASIA HUNTER-THOMPSON TYPE;ACROMESOMELIC CHONDRODYSPLASIA GREBE TYPE;BRACHYDACTYLY TYPE A2;MULTIPLE SYNOSTOSES SYNDROME TYPE 2
GDF6,GDF6,ENSG00000156466,MICROPHTHALMIA ISOLATED TYPE 4;KLIPPEL-FEIL SYNDROME TYPE 1
GFAP,GFAP,ENSG00000131095,ALEXANDER DISEASE
GFM1,GFM1,ENSG00000168827,COMBINED OXIDATIVE PHOSPHORYLATION DEFICIENCY 1
GJA1,GJA1,ENSG00000152661,AUTOSOMAL DOMINANT OCULODENTODIGITAL DYSPLASIA;HYPOPLASTIC LEFT HEART SYNDROME;AUTOSOMAL RECESSIVE OCULODENTODIGITAL DYSPLASIA;HALLERMANN-STREIFF SYNDROME
GJA3,GJA3,ENSG00000121743,CATARACT ZONULAR PULVERULENT CATARACT TYPE 3
GJA8,GJA8,ENSG00000121634,CATARACT-MICROCORNEA SYNDROME;CATARACT ZONULAR PULVERULENT TYPE 1
GJC2,GJC2,ENSG00000198835,"LYMPHEDEMA, HEREDITARY, IC;LEUKODYSTROPHY, HYPOMYELINATING, 2;SPASTIC PARAPLEGIA, 44"
GLA,GLA,ENSG00000102393,"Fabry disease, 301500"
GLB1,GLB1,ENSG00000170266,GM1-GANGLIOSIDOSIS TYPE 1;GM1-GANGLIOSIDOSIS TYPE 2;GM1-GANGLIOSIDOSIS TYPE 3;MUCOPOLYSACCHARIDOSIS TYPE 4B
GLDC,GLDC,ENSG00000178445,GLDC-RELATED GLYCINE ENCEPHALOPATHY
GLDN,GLDN,ENSG00000186417,Lethal arthroogryposis
GLE1,GLE1,ENSG00000119392,"ARTHROGRYPOSIS, LETHAL, WITH ANTERIOR HORN CELL DISEASE"
GLI2,GLI2,ENSG00000074047,GLI2-RELATED HOLOPROSENCEPHALY
GLI3,GLI3,ENSG00000106571,PALLISTER-HALL SYNDROME;GREIG CEPHALOPOLYSYNDACTYLY SYNDROME;PREAXIAL POLYDACTYLY TYPE IV;POSTAXIAL POLYDACTYLY TYPE A
GLIS3,GLIS3,ENSG00000107249,DIABETES MELLITUS NEONATAL WITH CONGENITAL HYPOTHYROIDISM
GLUL,GLUL,ENSG00000135821,CONGENITAL SYSTEMIC GLUTAMINE DEFICIENCY
GMPPB,GMPPB,ENSG00000173540,"MUSCULAR DYSTROPHY-DYSTROGLYCANOPATHY (CONGENITAL WITH BRAIN AND EYE ANOMALIES), TYPE A, 14"
GNAI3,GNAI3,ENSG00000065135,AURICULOCONDYLAR SYNDROME
GNAO1,GNAO1,ENSG00000087258,EPILEPTIC ENCEPHALOPATHY
GNAS,GNAS,ENSG00000087460,GNAS HYPERFUNCTION;ALBRIGHT HEREDITARY OSTEODYSTROPHY;ACTH-INDEPENDENT MACRONODULAR ADRENAL HYPERPLASIA;PSEUDOHYPOPARATHYROIDISM TYPE 1B
GNB1,GNB1,ENSG00000078369,"Severe Neurodevelopmental Disability, Hypotonia, and Seizures"
GNPAT,GNPAT,ENSG00000116906,RHIZOMELIC CHONDRODYSPLASIA PUNCTATA TYPE 2
GNPTAB,GNPTAB,ENSG00000111670,MUCOLIPIDOSIS TYPE II;MUCOLIPIDOSIS TYPE III COMPLEMENTATION GROUP A
GNPTG,GNPTG,ENSG00000090581,MUCOLIPIDOSIS TYPE III COMPLEMENTATION GROUP C
GNS,GNS,ENSG00000135677,MUCOPOLYSACCHARIDOSIS TYPE 3D
GORAB,GORAB,ENSG00000120370,Geroderma osteodysplasticum
GPC3,GPC3,ENSG00000147257,"SIMPSON-GOLABI-BEHMEL SYNDROME, TYPE 1"
GPI,GPI,ENSG00000105220,"Hemolytic anemia, nonspherocytic, due to glucose phosphate isomerase deficiency 613470"
GPSM2,GPSM2,ENSG00000121957,CHUDLEY-MCCULLOUGH SYNDROME
GREB1L,GREB1L,ENSG00000141449,"Renal hypodysplasia/aplasia 3, 617805;renal agenesis"
GRHL3,GRHL3,ENSG00000158055,VAN DER WOUDE SYNDROME
GRIN1,GRIN1,ENSG00000176884,EPILEPTIC ENCEPHALOPATHY
GRIN2B,GRIN2B,ENSG00000273079,"AUTISM;EPILEPTIC ENCEPHALOPATHY;MENTAL RETARDATION, AUTOSOMAL DOMINANT 6"
GRIP1,GRIP1,ENSG00000155974,Fraser syndrome 219000
GTF2H5,GTF2H5,ENSG00000272047,TRICHOTHIODYSTROPHY PHOTOSENSITIVE
GTPBP3,GTPBP3,ENSG00000130299,"MITOCHONDRIAL TRANSLATION DEFECT ASSOCIATED WITH HYPERTROPHIC CARDIOMYOPATHY, LACTIC ACIDOSIS, AND ENCEPHALOPATHY"
GUCY2C,GUCY2C,ENSG00000070019,MECONIUM ILEUS;FAMILIAL DIARRHEA DIARRHEA 6
GUSB,GUSB,ENSG00000169919,MUCOPOLYSACCHARIDOSIS TYPE 7
HAAO,HAAO,ENSG00000162882,"Vertebral, cardiac, renal, and limb defects syndrome 1 617660"
HADHA,HADHA,ENSG00000084754,LONG CHAIN 3-HYDROXYACYL-COA DEHYDROGENASE DEFICIENCY
HBA1,HBA1,ENSG00000206172,"Fetal hydrops;Thalassemia, alpha-, 604131"
HBA2,HBA2,ENSG00000188536,"Fetal hydrops;Thalassemia, alpha-, 604131"
HCCS,HCCS,ENSG00000004961,MICROPHTHALMIA SYNDROMIC TYPE 7
HCFC1,HCFC1,ENSG00000172534,"MENTAL RETARDATION, X-LINKED 3;COBALAMIN DISORDER"
HDAC8,HDAC8,ENSG00000147099,WILSON-TURNER SYNDROME;CORNELIA DE LANGE-LIKE SYNDROME
HES7,HES7,ENSG00000179111,"Spondylocostal dysostosis 4, autosomal recessive 613686"
HIBCH,HIBCH,ENSG00000198130,HIBCH DEFICIENCY
HIVEP2,HIVEP2,ENSG00000010818,HIVEP2 associated syndromic developmental delay with intellectual disability
HNF1B,HNF1B,ENSG00000108753,RENAL CYSTS AND DIABETES SYNDROME
HNF4A,HNF4A,ENSG00000101076,ATYPICAL DOMINANT FANCONI SYNDROME WITH MODY;HNF4A-RELATED MATURITY-ONSET DIABETES OF THE YOUNG TYPE 1
HNRNPK,HNRNPK,ENSG00000165119,"Au-Kline syndrome, 616580"
HOXA1,HOXA1,ENSG00000105991,BOSLEY-SALIH-ALORAINY SYNDROME;ATHABASKAN BRAINSTEM DYSGENESIS SYNDROME
HOXA13,HOXA13,ENSG00000106031,HAND-FOOT-GENITAL SYNDROME
HOXD13,HOXD13,ENSG00000128714,SYNPOLYDACTYLY 1;BRACHYDACTYLY TYPE D;BRACHYDACTYLY-SYNDACTYLY SYNDROME;BRACHYDACTYLY TYPE E;VACTERL ASSOCIATION;SYNDACTYLY TYPE 5
HPSE2,HPSE2,ENSG00000172987,UROFACIAL SYNDROME
HR,HR,ENSG00000168453,ATRICHIA WITH PAPULAR LESIONS;ALOPECIA UNIVERSALIS
HRAS,HRAS,ENSG00000174775,COSTELLO SYNDROME;CONGENITAL MYOPATHY WITH EXCESS OF MUSCLE SPINDLES
HSD17B3,HSD17B3,ENSG00000130948,"Pseudohermaphroditism, male, with gynecomastia 264300"
HSD17B4,HSD17B4,ENSG00000133835,D-BIFUNCTIONAL PROTEIN DEFICIENCY;PERRAULT SYNDROME
HSF4,HSF4,ENSG00000102878,CATARACT ZONULAR HSF4-RELATED;CATARACT MARNER TYPE
HSPD1,HSPD1,ENSG00000144381,LEUKODYSTROPHY HYPOMYELINATING TYPE 4
HSPG2,HSPG2,ENSG00000142798,DYSSEGMENTAL DYSPLASIA SILVERMAN-HANDMAKER TYPE;SCHWARTZ-JAMPEL SYNDROME
HUWE1,HUWE1,ENSG00000086758,MENTAL RETARDATION SYNDROMIC X-LINKED TURNER TYPE
HYLS1,HYLS1,ENSG00000198331,HYDROLETHALUS SYNDROME TYPE 1
IARS,IARS,ENSG00000196305,"Growth retardation, impaired intellectual development, hypotonia, and hepatopathy, 617093"
IDS,IDS,ENSG00000010404,MUCOPOLYSACCHARIDOSIS TYPE 2
IDUA,IDUA,ENSG00000127415,MUCOPOLYSACCHARIDOSIS TYPE 1H;MUCOPOLYSACCHARIDOSIS TYPE 1H/S;MUCOPOLYSACCHARIDOSIS TYPE 1S
IER3IP1,IER3IP1,ENSG00000134049,"Microcephaly, epilepsy, and diabetes syndrome 614231"
IFIH1,IFIH1,ENSG00000115267,"AICARDI-GOUTIERES SYNDROME 7;SINGLETON-MERTEN SYNDROME;Aicardi-Goutieres syndrome 7, 615846;Singleton-Merten syndrome 1, 182250"
IFITM5,IFITM5,ENSG00000206013,OSTEOGENESIS IMPERFECTA TYPE V
IFT122,IFT122,ENSG00000163913,CRANIOECTODERMAL DYSPLASIA
IFT140,IFT140,ENSG00000187535,MAINZER-SALDINO SYNDROME
IFT172,IFT172,ENSG00000138002,MAINZER-SALDINO SYNDROME;JEUNE SYNDROME
IFT43,IFT43,ENSG00000119650,CRANIOECTODERMAL DYSPLASIA TYPE 3
IFT80,IFT80,ENSG00000068885,ASPHYXIATING THORACIC DYSTROPHY 2
IGF1,IGF1,ENSG00000017427,INSULIN-LIKE GROWTH FACTOR I DEFICIENCY
IGF1R,IGF1R,ENSG00000140443,"INSULIN-LIKE GROWTH FACTOR I, RESISTANCE TO"
IGF2,IGF2,ENSG00000167244,CHROMOSOME 11P15.5-RELATED RUSSELL-SILVER SYNDROME;BECKWITH-WIEDEMANN SYNDROME
IGHMBP2,IGHMBP2,ENSG00000132740,SPINAL MUSCULAR ATROPHY WITH RESPIRATORY DISTRESS 1
IHH,IHH,ENSG00000163501,"BRACHYDACTYLY, TYPE A1;ACROCAPITOFEMORAL DYSPLASIA"
IKBKG,IKBKG,ENSG00000073009,SUSCEPTIBILITY TO X-LINKED FAMILIAL ATYPICAL MICOBACTERIOSIS TYPE 1;INCONTINENTIA PIGMENTI;ECTODERMAL DYSPLASIA ANHIDROTIC WITH IMMUNODEFICIENCY-OSTEOPETROSIS-LYMPHEDEMA;ECTODERMAL DYSPLASIA ANHIDROTIC WITH IMMUNODEFICIENCY X-LINKED;IMMUNODEFICIENCY NEMO-RELATED WITHOUT ANHIDROTIC ECTODERMAL DYSPLASIA
IL11RA,IL11RA,ENSG00000137070,"Autosomal Recessive Craniosynostosis;Crouzon-like craniosynostosis;Craniosynostosis and dental anomalies, 614188"
IL1RAPL1,IL1RAPL1,ENSG00000169306,MENTAL RETARDATION X-LINKED TYPE 21
IMPAD1,IMPAD1,ENSG00000104331,"CHONDRODYSPLASIA WITH JOINT DISLOCATIONS, GRAPP TYPE"
INPP5E,INPP5E,ENSG00000148384,MENTAL RETARDATION-TRUNCAL OBESITY-RETINAL DYSTROPHY-MICROPENIS;JOUBERT SYNDROME TYPE 1
INPPL1,INPPL1,ENSG00000165458,OPSISMODYSPLASIA
INSR,INSR,ENSG00000171105,"DONOHUE SYNDROME  246200;Hyperinsulinemic hypoglycemia, familial, 5 609968;Diabetes mellitus, insulin-resistant, with acanthosis nigricans 610549;Rabson-Mendenhall syndrome 262190"
INTU,INTU,ENSG00000164066,"?Short-rib thoracic dysplasia 20 with polydactyly, 617925"
INVS,INVS,ENSG00000119509,Nephronophthisis 2 602088
IQCB1,IQCB1,ENSG00000173226,Senior-Loken syndrome 5 609254
IRF6,IRF6,ENSG00000117595,POPLITEAL PTERYGIUM SYNDROME;VAN DER WOUDE SYNDROME
ISPD,ISPD,ENSG00000214960,WALKER WARBURG SYNDROME
ITGA3,ITGA3,ENSG00000005884,"INTERSTITIAL LUNG DISEASE, NEPHROTIC SYNDROME, AND EPIDERMOLYSIS BULLOSA, CONGENITAL"
ITGA6,ITGA6,ENSG00000091409,Epidermolysis Bullosa with Pyloric Atresia. 226730
ITGB4,ITGB4,ENSG00000132470,Epidermolysis Bullosa with Pyloric Atresia. 226730
JAG1,JAG1,ENSG00000101384,ALAGILLE SYNDROME
KANSL1,KANSL1,ENSG00000120071,CHROMOSOME 17Q21.31 MICRODELETION SYNDROME
KAT6A,KAT6A,ENSG00000083168,"MENTAL RETARDATION, AUTOSOMAL DOMINANT 32"
KAT6B,KAT6B,ENSG00000156650,BLEPHAROPHIMOSIS/INTELLECTUAL DISABILITY PHENOTYPE WHICH IS NOONAN-LIKE;GENITOPATELLAR SYNDROME
KCNJ1,KCNJ1,ENSG00000151704,Bartter syndrome 241200
KCNJ2,KCNJ2,ENSG00000123700,Andersen syndrome 170390
KCTD1,KCTD1,ENSG00000134504,SCALP-EAR-NIPPLE SYNDROME
KDM5C,KDM5C,ENSG00000126012,MENTAL RETARDATION SYNDROMIC X-LINKED JARID1C-RELATED
KDM6A,KDM6A,ENSG00000147050,KABUKI SYNDROME 2
KIAA0586,KIAA0586,ENSG00000100578,JOUBERT SYNDROME
KIAA1109,KIAA1109,ENSG00000138688,"Brain atrophy, Dandy Walker and Contractures;Alkuraya-Kucinskas syndrome, 617822"
KIF11,KIF11,ENSG00000138160,AUTOSOMAL-DOMINANT MICROCEPHALY ASSOCIATED WITH LYMPHEDEMA AND/OR CHORIORETINOPATHY
KIF1A,KIF1A,ENSG00000130294,"MENTAL RETARDATION, AUTOSOMAL DOMINANT 9;NEUROPATHY, HEREDITARY SENSORY, TYPE IIC"
KIF1BP,KIF1BP,ENSG00000198954,GOLDBERG-SHPRINTZEN MEGACOLON SYNDROME
KIF22,KIF22,ENSG00000079616,"SPONDYLOEPIMETAPHYSEAL DYSPLASIA WITH JOINT LAXITY, TYPE 2"
KIF7,KIF7,ENSG00000166813,AUTOSOMAL RECESSIVE MENTAL RETARDATION;ACROCALLOSAL SYNDROME
KLF1,KLF1,ENSG00000105610,"ANEMIA, DYSERYTHROPOIETIC CONGENITAL, TYPE IV;Hydrops Fetalis"
KLHL40,KLHL40,ENSG00000157119,"NEMALINE MYOPATHY 8, AUTOSOMAL RECESSIVE"
KLHL41,KLHL41,ENSG00000239474,Nemaline myopathy 615731
KMT2A,KMT2A,ENSG00000118058,WIEDEMANN-STEINER SYNDROME
KMT2C,KMT2C,ENSG00000055609,INTELLECTUAL DISABILITY;Kleefstra syndrome 2 617768
KMT2D,KMT2D,ENSG00000167548,KABUKI SYNDROME
KRAS,KRAS,ENSG00000133703,NOONAN SYNDROME TYPE 3;CARDIOFACIOCUTANEOUS SYNDROME
KRIT1,KRIT1,ENSG00000001631,CEREBRAL CAVERNOUS MALFORMATIONS TYPE 1
KYNU,KYNU,ENSG00000115919,"Vertebral, cardiac, renal, and limb defects syndrome 2 617661"
L1CAM,L1CAM,ENSG00000198910,MENTAL RETARDATION-APHASIA-SHUFFLING GAIT-ADDUCTED THUMBS SYNDROME;PARTIAL AGENESIS OF THE CORPUS CALLOSUM;HYDROCEPHALUS DUE TO STENOSIS OF THE AQUEDUCT OF SYLVIUS;SPASTIC PARAPLEGIA X-LINKED TYPE 1
L2HGDH,L2HGDH,ENSG00000087299,L-2-HYDROXYGLUTARIC ACIDURIA
LAMA1,LAMA1,ENSG00000101680,CEREBELLAR DYSPLASIA WITH CYSTS WITH OR WITHOUT RETINAL DYSTROPHY;AUTOSOMAL RECESSIVE MENTAL RETARDATION
LAMA2,LAMA2,ENSG00000196569,CONGENITAL MUSCULAR DYSTROPHY
LAMC3,LAMC3,ENSG00000050555,OCCIPITAL CORTICAL MALFORMATIONS
LARGE1,LARGE1,ENSG00000133424,MUSCULAR DYSTROPHY-DYSTROGLYCANOPATHY CONGENITAL WITH MENTAL RETARDATION TYPE B6;MUSCULAR DYSTROPHY-DYSTROGLYCANOPATHY CONGENITAL WITH BRAIN AND EYE ANOMALIES TYPE A6
LARP7,LARP7,ENSG00000174720,ALAZAMI SYNDROME
LBR,LBR,ENSG00000143815,HYDROPS-ECTOPIC CALCIFICATION-MOTH-EATEN SKELETAL DYSPLASIA
LFNG,LFNG,ENSG00000106003,SPONDYLOCOSTAL DYSOSTOSIS TYPE 3
LGI4,LGI4,ENSG00000153902,ARTHROGRYPOSIS MULTIPLEX CONGENITA
LHX3,LHX3,ENSG00000107187,PITUITARY HORMONE DEFICIENCY COMBINED TYPE 3
LHX4,LHX4,ENSG00000121454,LHX4-RELATED COMBINED PITUITARY HORMONE DEFICIENCY
LIFR,LIFR,ENSG00000113594,Stuve-Wiedemann syndrome;Schwartz-Jampel type 2 syndrome
LIG4,LIG4,ENSG00000174405,SEVERE COMBINED IMMUNODEFICIENCY AUTOSOMAL RECESSIVE T-CELL-NEGATIVE/B-CELL-NEGATIVE/NK-CELL-POSITIVE WITH SENSITIVITY TO IONIZING RADIATION;LIG4 SYNDROME
LIPA,LIPA,ENSG00000107798,"Fetal hydrops;Wolman disease, 278000;Lysosomal Acid Lipase Deficiency"
LMBR1,LMBR1,ENSG00000105983,"Triphalangeal thumb-polysyndactyly syndrome 174500;Laurin-Sandrow syndrome 135750;Hypoplastic or aplastic tibia with polydactyly  188740;Syndactyly, type IV 186200;Triphalangeal thumb, type I  174500;Polydactyly, preaxial type II  174500;Acheiropody 200500"
LMBRD1,LMBRD1,ENSG00000168216,METHYLMALONIC ACIDURIA AND HOMOCYSTINURIA TYPE CBLF
LMNA,LMNA,ENSG00000160789,HUTCHINSON-GILFORD PROGERIA SYNDROME;MUSCULAR DYSTROPHY CONGENITAL LMNA-RELATED;HEART-HAND SYNDROME SLOVENIAN TYPE;MANDIBULOACRAL DYSPLASIA WITH TYPE A LIPODYSTROPHY;EMERY-DREIFUSS MUSCULAR DYSTROPHY TYPE 2;CARDIOMYOPATHY DILATED WITH HYPERGONADOTROPIC HYPOGONADISM;LETHAL TIGHT SKIN CONTRACTURE SYNDROME;CHARCOT-MARIE-TOOTH DISEASE TYPE 2B1;FAMILIAL PARTIAL LIPODYSTROPHY TYPE 2;LIMB-GIRDLE MUSCULAR DYSTROPHY TYPE 1B;CARDIOMYOPATHY DILATED TYPE 1A
LMOD3,LMOD3,ENSG00000163380,Nemaline myopathy 616165
LMX1B,LMX1B,ENSG00000136944,NAIL-PATELLA SYNDROME
LRP2,LRP2,ENSG00000081479,DONNAI-BARROW SYNDROME
LRP4,LRP4,ENSG00000134569,CENANI-LENZ SYNDACTYLY SYNDROME
LRP5,LRP5,ENSG00000162337,VITREORETINOPATHY EXUDATIVE TYPE 4;OSTEOPOROSIS-PSEUDOGLIOMA SYNDROME;ENDOSTEAL HYPEROSTOSIS WORTH TYPE;OSTEOPETROSIS AUTOSOMAL DOMINANT TYPE 1;HIGH BONE MASS TRAIT
LRRC6,LRRC6,ENSG00000129295,PRIMARY CILIARY DISKINESIA
LTBP3,LTBP3,ENSG00000168056,PLATYSPONDYLY WITH AMELOGENESIS IMPERFECTA
LTBP4,LTBP4,ENSG00000090006,"Cutis laxa, autosomal recessive, type IC 613177"
LYST,LYST,ENSG00000143669,CHEDIAK-HIGASHI SYNDROME
LZTFL1,LZTFL1,ENSG00000163818,Bardet-Biedl syndrome 17 615994
LZTR1,LZTR1,ENSG00000099949,"Fetal hydrops;Noonan syndrome 10, 616564"
MAB21L2,MAB21L2,ENSG00000181541,"MICROPHTHALMIA, SYNDROMIC 14"
MAF,MAF,ENSG00000178573,"CATARACT, DEAFNESS, INTELLECTUAL DISABILITY, SEIZURES, AND A DOWN SYNDROME-LIKE FACIES;CATARACT CONGENITAL CERULEAN TYPE 4;CATARACT PULVERULENT JUVENILE-ONSET MAF-RELATED"
MAFB,MAFB,ENSG00000204103,"Duane Syndrome, Aberrant Extraocular Muscle Innervation, and Inner-Ear Defects;MULTICENTRIC CARPOTARSAL OSTEOLYSIS SYNDROME"
MAGEL2,MAGEL2,ENSG00000254585,"Schaaf-Yang syndrome;ARTHROGRYPOSIS MULTIPLEX CONGENITA;Schaaf-Yang syndrome, 615547"
MAP2K1,MAP2K1,ENSG00000169032,CARDIOFACIOCUTANEOUS SYNDROME
MAP2K2,MAP2K2,ENSG00000126934,CARDIOFACIOCUTANEOUS SYNDROME
MAP3K1,MAP3K1,ENSG00000095015,46XY SEX REVERSAL 6
MAPRE2,MAPRE2,ENSG00000166974,Circumferential Skin Creases Kunze Type
MASP1,MASP1,ENSG00000127241,3MC SYNDROME 1
MATN3,MATN3,ENSG00000132031,MULTIPLE EPIPHYSEAL DYSPLASIA TYPE 5
MBTPS2,MBTPS2,ENSG00000012174,"Keratosis follicularis spinulosa decalvans, X-linked 308800;IFAP syndrome with or without BRESHECK syndrome 308205"
MCOLN1,MCOLN1,ENSG00000090674,MUCOLIPIDOSIS IV
MCPH1,MCPH1,ENSG00000147316,MICROCEPHALY PRIMARY TYPE 1
MED12,MED12,ENSG00000184634,LUJAN-FRYNS SYNDROME;OPITZ-KAVEGGIA SYNDROME
MEF2C,MEF2C,ENSG00000081189,MENTAL RETARDATION-STEREOTYPIC MOVEMENTS-EPILEPSY AND/OR CEREBRAL MALFORMATIONS
MEGF10,MEGF10,ENSG00000145794,"MYOPATHY, EARLY-ONSET, AREFLEXIA, RESPIRATORY DISTRESS, AND DYSPHAGIA"
MEGF8,MEGF8,ENSG00000105429,CARPENTER SYNDROME
MESP2,MESP2,ENSG00000188095,SPONDYLOCOSTAL DYSOSTOSIS TYPE 2
MFRP,MFRP,ENSG00000235718,NANOPHTHALMOS 2;MICROPHTHALMIA ISOLATED TYPE 5
MFSD2A,MFSD2A,ENSG00000168389,"MICROCEPHALY 15, PRIMARY, AUTOSOMAL RECESSIVE"
MGP,MGP,ENSG00000111341,KEUTEL SYNDROME
MID1,MID1,ENSG00000101871,"OPITZ G/BBB SYNDROME, X-LINKED"
MKKS,MKKS,ENSG00000125863,BARDET-BIEDL SYNDROME TYPE 6;MCKUSICK-KAUFMAN SYNDROME
MKS1,MKS1,ENSG00000011143,BARDET-BIEDL SYNDROME TYPE 13;MECKEL SYNDROME TYPE 1
MLC1,MLC1,ENSG00000100427,LEUKOENCEPHALOPATHY MEGALENCEPHALIC WITH SUBCORTICAL CYSTS
MLYCD,MLYCD,ENSG00000103150,MALONYL-COA DECARBOXYLASE DEFICIENCY
MMACHC,MMACHC,ENSG00000132763,"METHYLMALONIC ACIDURIA AND HOMOCYSTINURIA, CBLC TYPE"
MMADHC,MMADHC,ENSG00000168288,METHYLMALONIC ACIDURIA AND HOMOCYSTINURIA TYPE CBLD
MMP13,MMP13,ENSG00000137745,METAPHYSEAL ANADYSPLASIA TYPE 1;SPONDYLOEPIMETAPHYSEAL DYSPLASIA MISSOURI TYPE
MMP21,MMP21,ENSG00000154485,MMP21-associated heterotaxy
MNX1,MNX1,ENSG00000130675,CURRARINO SYNDROME
MOCS1,MOCS1,ENSG00000124615,MOLYBDENUM COFACTOR DEFICIENCY
MOCS2,MOCS2,ENSG00000164172,MOLYBDENUM COFACTOR DEFICIENCY
MPDU1,MPDU1,ENSG00000129255,CONGENITAL DISORDERS OF GLYCOSYLATION
MPLKIP,MPLKIP,ENSG00000168303,TRICHOTHIODYSTROPHY NON-PHOTOSENSITIVE TYPE 1
MRPS22,MRPS22,ENSG00000175110,COMBINED OXIDATIVE PHOSPHORYLATION DEFICIENCY 5
MSL3,MSL3,ENSG00000005302,"MSL3 syndrome;Basilicata-Akhtar syndrome, 301032"
MSX1,MSX1,ENSG00000163132,CLEFT LIP +/- CLEFT PALATE
MSX2,MSX2,ENSG00000120149,"ENLARGED PARIETAL FORAMINA/CRANIUM BIFIDUM;CRANIOSYNOSTOSIS, TYPE 2"
MTM1,MTM1,ENSG00000171100,"MYOTUBULAR MYOPATHY, X-LINKED"
MTO1,MTO1,ENSG00000135297,INFANTILE HYPERTROPHIC CARDIOMYOPATHY AND LACTIC ACIDOSIS
MTOR,MTOR,ENSG00000198793,Smith-Kingsmore syndrome
MUSK,MUSK,ENSG00000030304,"Fetal akinesia deformation sequence;Myasthenic syndrome, congenital, 9, associated with acetylcholine receptor deficiency"
MYBPC1,MYBPC1,ENSG00000196091,"Lethal congenital contracture syndrome 4 614915;Arthrogryposis, distal, type 1B 614335"
MYCN,MYCN,ENSG00000134323,FEINGOLD SYNDROME TYPE 1
MYH10,MYH10,ENSG00000133026,MYH10-related Multiple congenital anomalies;Bilateral ventriculomegaly;aqueductal stenosis
MYH11,MYH11,ENSG00000133392,Megacystis Microcolon Intestinal Hypoperistalsis Syndrome (MMIH)
MYH3,MYH3,ENSG00000109063,DISTAL ARTHROGRYPOSIS TYPE 2B;DISTAL ARTHROGRYPOSIS TYPE 2A
MYH6,MYH6,ENSG00000197616,ATRIAL SEPTAL DEFECT TYPE 3;CARDIOMYOPATHY DILATED TYPE 1EE;CARDIOMYOPATHY FAMILIAL HYPERTROPHIC TYPE 14
MYH8,MYH8,ENSG00000133020,DISTAL ARTHROGRYPOSIS TYPE;CARNEY COMPLEX VARIANT
MYH9,MYH9,ENSG00000100345,SEBASTIAN SYNDROME;DEAFNESS AUTOSOMAL DOMINANT TYPE 17;EPSTEIN SYNDROME;FECHTNER SYNDROME;MACROTHROMBOCYTOPENIA WITH PROGRESSIVE SENSORINEURAL DEAFNESS;MAY-HEGGLIN ANOMALY
MYRF,MYRF,ENSG00000124920,"Cardiac-urogenital syndrome, 618280;Congenital diaphragmatic hernia (CDH);Disorders of sex development (DSD)"
MYT1,MYT1,ENSG00000196132,Oculo-auriculo-vertebral spectrum (OAVS);OAVS/Goldenhar syndrome
NAA10,NAA10,ENSG00000102030,X-linked anophthalmia syndrome/Lenz;OGDEN SYNDROME;NONPECIFIC SEVERE ID;X-linked anophthalmia syndrome
NACC1,NACC1,ENSG00000160877,"Infantile Epilepsy, Cataracts, and Profound Developmental Delay"
NAGA,NAGA,ENSG00000198951,SCHINDLER DISEASE;KANZAKI DISEASE
NALCN,NALCN,ENSG00000102452,"SEVERE HYPOTONIA, SPEECH IMPAIRMENT, AND COGNITIVE DELAY;HYPOTONIA, INFANTILE, WITH PSYCHOMOTOR RETARDATION AND CHARACTERISTIC FACIES;CONGENITAL CONTRACTURES OF THE LIMBS AND FACE, HYPOTONIA, AND DEVELOPMENTAL DELAY"
NANS,NANS,ENSG00000095380,infantile-onset severe developmental delay and skeletal dysplasia
NBAS,NBAS,ENSG00000151779,ACUTE LIVER FAILURE (ALF) IN INFANCY AND CHILDHOOD
NBN,NBN,ENSG00000104320,NIJMEGEN BREAKAGE SYNDROME
NDE1,NDE1,ENSG00000072864,LISSENCEPHALY 4
NDP,NDP,ENSG00000124479,NORRIE DISEASE
NDUFAF5,NDUFAF5,ENSG00000101247,"Mitochondrial complex I deficiency, nuclear type 16, 618238"
NEB,NEB,ENSG00000183091,AUTOSOMAL RECESSIVE TYPICAL NEMALINE MYOPATHY
NECTIN4,NECTIN4,ENSG00000143217,ECTODERMAL DYSPLASIA-SYNDACTYLY SYNDROME 1
NEK1,NEK1,ENSG00000137601,"SHORT RIB-POLYDACTYLY SYNDORME, TYPE II;SHORT RIB-POLYDACTYLY SYNDROME, TYPE II;Short-rib thoracic dysplasia 6 with or without polydactyly, 263520"
NEU1,NEU1,ENSG00000204386,SIALIDOSIS
NF1,NF1,ENSG00000196712,NEUROFIBROMATOSIS-NOONAN SYNDROME;FAMILIAL SPINAL NEUROFIBROMATOSIS;NEUROFIBROMATOSIS TYPE 1;WATSON SYNDROME
NFIX,NFIX,ENSG00000008441,MARSHALL-SMITH SYNDROME;SOTOS-LIKE SYNDROME
NHEJ1,NHEJ1,ENSG00000187736,"Severe combined immunodeficiency with microcephaly, growth retardation, and sensitivity to ionizing radiation 611291"
NHS,NHS,ENSG00000188158,CATARACT CONGENITAL X-LINKED;NANCE-HORAN SYNDROME
NIPBL,NIPBL,ENSG00000164190,CORNELIA DE LANGE SYNDROME TYPE 1
NKX2-5,NKX2-5,ENSG00000183072,ATRIAL SEPTAL DEFECT WITH ATRIOVENTRICULAR CONDUCTION DEFECTS;TETRALOGY OF FALLOT;CONGENITAL HYPOTHYROIDISM NON-GOITROUS TYPE 5
NKX3-2,NKX3-2,ENSG00000109705,SPONDYLO-MEGAEPIPHYSEAL-METAPHYSEAL DYSPLASIA
NODAL,NODAL,ENSG00000156574,HETEROTAXY SYNDROME
NOG,NOG,ENSG00000183691,BRACHYDACTYLY TYPE B2;SYMPHALANGISM PROXIMAL SYNDROME;MULTIPLE SYNOSTOSES SYNDROME TYPE 1;TARSAL-CARPAL COALITION SYNDROME;STAPES ANKYLOSIS WITH BROAD THUMB AND TOES
NOTCH1,NOTCH1,ENSG00000148400,ADAMS OLIVER SYNDROME;LEFT VENTRICULAR OUTFLOW TRACT OBSTRUCTION
NOTCH2,NOTCH2,ENSG00000134250,HAJDU-CHENEY SYNDROME
NPC1,NPC1,ENSG00000141458,"NIEMANN-PICK DISEASE, TYPE C1"
NPC2,NPC2,ENSG00000119655,"NIEMANN-PICK DISEASE, TYPE C2"
NPHP1,NPHP1,ENSG00000144061,SENIOR-LOKEN SYNDROME TYPE 1;NEPHRONOPHTHISIS TYPE 1;JOUBERT SYNDROME TYPE 4
NPHP3,NPHP3,ENSG00000113971,MECKEL SYNDROME TYPE 7;RENAL-HEPATIC-PANCREATIC DYSPLASIA;NEPHRONOPHTHISIS TYPE 3
NPHP4,NPHP4,ENSG00000131697,NEPHRONOPHTHISIS TYPE 4
NPHS1,NPHS1,ENSG00000161270,NEPHROTIC SYNDROME TYPE 1
NPR2,NPR2,ENSG00000159899,ACROMESOMELIC DYSPLASIA MAROTEAUX TYPE
NR0B1,NR0B1,ENSG00000169297,"Adrenal hypoplasia, congenital 300200;46XY sex reversal 2, dosage-sensitive 300018"
NR2F2,NR2F2,ENSG00000185551,"CONGENITAL HEART DEFECTS, MULTIPLE TYPES, 4"
NR5A1,NR5A1,ENSG00000136931,46XY SEX REVERSAL 3;SPERMATOGENIC FAILURE 8
NRAS,NRAS,ENSG00000213281,NOONAN SYNDROME TYPE 6
NSD1,NSD1,ENSG00000165671,WEAVER SYNDROME;BECKWITH-WIEDEMANN SYNDROME;SOTOS SYNDROME
NSDHL,NSDHL,ENSG00000147383,CONGENITAL HEMIDYSPLASIA WITH ICHTHYOSIFORM ERYTHRODERMA AND LIMB DEFECTS;CK SYNDROME
NUBPL,NUBPL,ENSG00000151413,MITOCHONDRIAL COMPLEX I DEFICIENCY
NUP107,NUP107,ENSG00000111581,EARLY-CHILDHOOD-ONSET STEROID-RESISTANT NEPHROTIC SYNDROME
OBSL1,OBSL1,ENSG00000124006,3-M SYNDROME 2
OCLN,OCLN,ENSG00000197822,Band-like calcification with simplified gyration and polymicrogyria 251290
OCRL,OCRL,ENSG00000122126,DENT DISEASE TYPE 2;LOWE OCULOCEREBRORENAL SYNDROME
OFD1,OFD1,ENSG00000046651,JOUBERT SYNDROME TYPE 10;SIMPSON-GOLABI-BEHMEL SYNDROME TYPE 2;ORAL-FACIAL-DIGITAL SYNDROME TYPE 1
OPHN1,OPHN1,ENSG00000079482,"Mental retardation, X-linked, with cerebellar hypoplasia and distinctive facial appearance, 300486"
ORC1,ORC1,ENSG00000085840,MEIER-GORLIN SYNDROME 1
ORC4,ORC4,ENSG00000115947,MEIER-GORLIN SYNDROME 2
ORC6,ORC6,ENSG00000091651,MEIER-GORLIN SYNDROME 3
OSTM1,OSTM1,ENSG00000081087,Osteopetrosis 259720
OTX2,OTX2,ENSG00000165588,MICROPHTHALMIA SYNDROMIC TYPE 5
P3H1,P3H1,ENSG00000117385,"OSTEOGENESIS IMPERFECTA, TYPE VIII"
PAFAH1B1,PAFAH1B1,ENSG00000007168,LISSENCEPHALY TYPE 1;SUBCORTICAL BAND HETEROTOPIA
PAK3,PAK3,ENSG00000077264,MENTAL RETARDATION X-LINKED TYPE 30;AGENESIS OF THE CORPUS CALLOSUM
PALB2,PALB2,ENSG00000083093,"FANCONI ANEMIA, COMPLEMENTATION GROUP N"
PAPSS2,PAPSS2,ENSG00000198682,SPONDYLOEPIMETAPHYSEAL DYSPLASIA PAKISTANI TYPE
PARN,PARN,ENSG00000140694,"Dyskeratosis congenita, autosomal recessive 6"
PAX2,PAX2,ENSG00000075891,RENAL-COLOBOMA SYNDROME
PAX3,PAX3,ENSG00000135903,"WAARDENBURG SYNDROME, TYPE 1;CRANIOFACIAL-DEAFNESS-HAND SYNDROME"
PAX6,PAX6,ENSG00000007372,COLOBOMA OF OPTIC NERVE;ANIRIDIA;BILATERAL OPTIC NERVE HYPOPLASIA;ANIRIDIA CEREBELLAR ATAXIA AND MENTAL DEFICIENCY;KERATITIS HEREDITARY;PETERS ANOMALY;FOVEAL HYPOPLASIA
PAX8,PAX8,ENSG00000125618,CONGENITAL HYPOTHYROIDISM NON-GOITROUS TYPE 2
PCGF2,PCGF2,ENSG00000056661,INTELLECTUAL DUSBILITY;Craniofacial Neurological Cardiovascular and Skeletal Features;Intellectual disability
PCNT,PCNT,ENSG00000160299,"MICROCEPHALIC OSTEODYSPLASTIC PRIMORDIAL DWARFISM, TYPE II"
PCYT1A,PCYT1A,ENSG00000161217,SPONDYLOMETAPHYSEAL DYSPLASIA WITH CONE-ROD DYSTROPHY
PDCD10,PDCD10,ENSG00000114209,CEREBRAL CAVERNOUS MALFORMATIONS TYPE 3
PDE4D,PDE4D,ENSG00000113448,ACRODYSOSTOSIS
PDGFRB,PDGFRB,ENSG00000113721,"PREMATURE AGING SYNDROME, PENTTINEN TYPE;FAMILIAL INFANTILE MYOFIBROMATOSIS"
PDHA1,PDHA1,ENSG00000131828,Pyruvate dehydrogenase E1-alpha deficiency;X-LINKED LEIGH SYNDROME;PYRUVATE DEHYDROGENASE E1-ALPHA DEFICIENCY IN FEMALES;INTELLECTUAL DISABILTIY
PEPD,PEPD,ENSG00000124299,PROLIDASE DEFICIENCY
PEX1,PEX1,ENSG00000127980,ADRENOLEUKODYSTROPHY NEONATAL;PEROXISOME BIOGENESIS DISORDER COMPLEMENTATION GROUP 1;INFANTILE REFSUM DISEASE
PEX10,PEX10,ENSG00000157911,ADRENOLEUKODYSTROPHY NEONATAL;ZELLWEGER SYNDROME;PEROXISOME BIOGENESIS DISORDER COMPLEMENTATION GROUP 7
PEX11B,PEX11B,ENSG00000131779,Peroxisome biogenesis disorder 14B
PEX12,PEX12,ENSG00000108733,ZELLWEGER SYNDROME;PEROXISOME BIOGENESIS DISORDER COMPLEMENTATION GROUP 3
PEX13,PEX13,ENSG00000162928,ADRENOLEUKODYSTROPHY NEONATAL;PEROXISOME BIOGENESIS DISORDER COMPLEMENTATION GROUP 13
PEX14,PEX14,ENSG00000142655,PEROXISOME BIOGENESIS DISORDER COMPLEMENTATION GROUP K;ZELLWEGER SYNDROME
PEX16,PEX16,ENSG00000121680,PEROXISOME BIOGENESIS DISORDER COMPLEMENTATION GROUP 9;ZELLWEGER SYNDROME
PEX19,PEX19,ENSG00000162735,ZELLWEGER SYNDROME;PEROXISOME BIOGENESIS DISORDER COMPLEMENTATION GROUP 14
PEX2,PEX2,ENSG00000164751,PEROXISOME BIOGENESIS DISORDER COMPLEMENTATION GROUP 5;ZELLWEGER SYNDROME;INFANTILE REFSUM DISEASE
PEX26,PEX26,ENSG00000215193,PEROXISOME BIOGENESIS DISORDER COMPLEMENTATION GROUP 8;ADRENOLEUKODYSTROPHY NEONATAL;ZELLWEGER SYNDROME;INFANTILE REFSUM DISEASE
PEX3,PEX3,ENSG00000034693,PEROXISOME BIOGENESIS DISORDER COMPLEMENTATION GROUP 12;ZELLWEGER SYNDROME
PEX5,PEX5,ENSG00000139197,ZELLWEGER SYNDROME;ADRENOLEUKODYSTROPHY NEONATAL;INFANTILE REFSUM DISEASE
PEX6,PEX6,ENSG00000124587,PEROXISOME BIOGENESIS DISORDER COMPLEMENTATION GROUP 4;ZELLWEGER SYNDROME
PEX7,PEX7,ENSG00000112357,PEROXISOME BIOGENESIS DISORDER COMPLEMENTATION GROUP 11;RHIZOMELIC CHONDRODYSPLASIA PUNCTATA TYPE 1;REFSUM DISEASE
PGAP2,PGAP2,ENSG00000148985,INTELLECTUAL DISABILITY
PGAP3,PGAP3,ENSG00000161395,HYPERPHOSPHATASIA WITH MENTAL RETARDATION SYNDROME 4
PGM1,PGM1,ENSG00000079739,"CONGENITAL DISORDER OF GLYCOSYLATION, TYPE IT"
PHF6,PHF6,ENSG00000156531,BOERJESON-FORSSMAN-LEHMANN SYNDROME
PHF8,PHF8,ENSG00000172943,MENTAL RETARDATION SYNDROMIC X-LINKED SIDERIUS TYPE
PHGDH,PHGDH,ENSG00000092621,PHOSPHOGLYCERATE DEHYDROGENASE DEFICIENCY;NEU-LAXOVA SYNDROME
PHIP,PHIP,ENSG00000146247,"Developmental delay, ID, obesity and dysmorphic features"
PHOX2B,PHOX2B,ENSG00000109132,"NEUROBLASTOMA WITH HIRSCHSPRUNG DISEASE;CENTRAL HYPOVENTILATION SYNDROME, CONGENITAL, WITH OR WITHOUT HIRSCHSPRUNG DISEASE"
PIEZO1,PIEZO1,ENSG00000103335,hydrops fetalis gene 616843;Congenital lymphatic dysplasia with hydrops and/or lymphoedema
PIEZO2,PIEZO2,ENSG00000154864,"ARTHROGRYPOSIS, DISTAL, TYPE 3;Ataxia, dysmetria, contractures & scoliosis with normal cognition but loss of discriminative touch perception"
PIGA,PIGA,ENSG00000165195,MULTIPLE CONGENITAL ANOMALIES-HYPOTONIA-SEIZURES SYNDROME 2
PIGL,PIGL,ENSG00000108474,ZUNICH NEUROECTODERMAL SYNDROME
PIGO,PIGO,ENSG00000165282,HYPERPHOSPHATASIA WITH MENTAL RETARDATION SYNDROME 2
PIGT,PIGT,ENSG00000124155,MULTIPLE CONGENITAL ANOMALIES-HYPOTONIA-SEIZURES SYNDROME 3
PIGV,PIGV,ENSG00000060642,HYPERPHOSPHATASIA WITH MENTAL RETARDATION
PIK3CA,PIK3CA,ENSG00000121879,"MEGALENCEPHALY-CAPILLARY MALFORMATION-POLYMICROGYRIA SYNDROME, SOMATIC 3;CLOVES: CONGENITAL LIPOMATOUS OVERGROWTH, VASCULAR MALFORMATIONS, AND EPIDERMAL NEVI;HEMIMEGALENCEPHALY PIK3CA"
PIK3R1,PIK3R1,ENSG00000145675,"AGAMMAGLOBULINEMIA 7, AUTOSOMAL RECESSIVE;SHORT SYNDROME"
PIK3R2,PIK3R2,ENSG00000105647,MEGALENCEPHALY-POLYMICROGYRIA-POLYDACTYLY-HYDROCEPHALUS SYNDROME 1
PITX2,PITX2,ENSG00000164093,RING DERMOID OF CORNEA;IRIDOGONIODYSGENESIS TYPE 2;AXENFELD-RIEGER SYNDROME TYPE 1;PETERS ANOMALY
PITX3,PITX3,ENSG00000107859,ANTERIOR SEGMENT MESENCHYMAL DYSGENESIS;CATARACT POSTERIOR POLAR TYPE 4;CATARACT AUTOSOMAL DOMINANT
PKD1,PKD1,ENSG00000008710,"Polycystic kidney disease, 173900;Autosomal recessive polycystic kidney disease (ARPKD);Autosomal dominant polycystic kidney disease (ADPKD)"
PKD1L1,PKD1L1,ENSG00000158683,Laterality defects
PKD2,PKD2,ENSG00000118762,Polycystic kidney disease 613095
PKHD1,PKHD1,ENSG00000170927,"POLYCYSTIC KIDNEY DISEASE, AUTOSOMAL RECESSIVE"
PKLR,PKLR,ENSG00000143627,Pyruvate kinase deficiency 266200
PLK4,PLK4,ENSG00000142731,"MICROCEPHALY, GROWTH FAILURE AND RETINOPATHY"
PLOD1,PLOD1,ENSG00000083444,"EHLERS-DANLOS SYNDROME, KYPHOSCOLIOTIC FORM"
PLOD2,PLOD2,ENSG00000152952,BRUCK SYNDROME TYPE 2
PMM2,PMM2,ENSG00000140650,CONGENITAL DISORDERS OF GLYCOSYLATION
PNKP,PNKP,ENSG00000039650,"EPILEPTIC ENCEPHALOPATHY, EARLY INFANTILE, 10;ATAXIA-OCULOMOTOR APRAXIA 4"
POC1A,POC1A,ENSG00000164087,"SHORT STATURE, ONYCHODYSPLASIA, FACIAL DYSMORPHISM, AND HYPOTRICHOSIS SYNDROME;PRIMORDIAL DWARFISM"
POGZ,POGZ,ENSG00000143442,INTELLECTUAL DISABILITY
POLE,POLE,ENSG00000177084,"IUGR;severe growth failure of prenatal onset;FILS syndrome, 615139;facial dysmorphism, immunodeficiency, livedo, and short stature (FILS)"
POLR1C,POLR1C,ENSG00000171453,TREACHER COLLINS SYNDROME TYPE 3
POLR1D,POLR1D,ENSG00000186184,TREACHER COLLINS SYNDROME TYPE 2
POLR3A,POLR3A,ENSG00000148606,"LEUKODYSTROPHY, HYPOMYELINATING, 7, WITH OR WITHOUT OLIGODONTIA AND/OR HYPOGONADOTROPIC HYPOGONADISM;Autosomal Recessive Wiedemann Rautenstrauch Syndrome, 264090"
POLR3B,POLR3B,ENSG00000013503,"AUTOSOMAL RECESSIVE MENTAL RETARDATION;LEUKODYSTROPHY, HYPOMYELINATING, 8, WITH OR WITHOUT OLIGODONTIA AND/OR HYPOGONADOTROPIC HYPOGONADISM"
POMGNT1,POMGNT1,ENSG00000085998,MUSCULAR DYSTROPHY-DYSTROGLYCANOPATHY CONGENITAL WITH MENTAL RETARDATION TYPE B3;MUSCULAR DYSTROPHY-DYSTROGLYCANOPATHY CONGENITAL WITH BRAIN AND EYE ANOMALIES TYPE A3 (MDDGA3;MUSCULAR DYSTROPHY-DYSTROGLYCANOPATHY LIMB-GIRDLE TYPE C3
POMGNT2,POMGNT2,ENSG00000144647,WALKER WARBERG SYNDROME
POMK,POMK,ENSG00000185900,"Muscular dystrophy-dystroglycanopathy (congenital with brain and eye anomalies), type A 615249"
POMT1,POMT1,ENSG00000130714,MUSCULAR DYSTROPHY-DYSTROGLYCANOPATHY LIMB-GIRDLE TYPE C1;MUSCULAR DYSTROPHY-DYSTROGLYCANOPATHY CONGENITAL WITH BRAIN AND EYE ANOMALIES TYPE A1;MUSCULAR DYSTROPHY-DYSTROGLYCANOPATHY CONGENITAL WITH MENTAL RETARDATION TYPE B1
POMT2,POMT2,ENSG00000009830,MUSCULAR DYSTROPHY-DYSTROGLYCANOPATHY CONGENITAL WITH MENTAL RETARDATION TYPE B2;MUSCULAR DYSTROPHY-DYSTROGLYCANOPATHY LIMB-GIRDLE TYPE C2;MUSCULAR DYSTROPHY-DYSTROGLYCANOPATHY CONGENITAL WITH BRAIN AND EYE ANOMALIES TYPE A2
POR,POR,ENSG00000127948,Disordered steroidogenesis due to cytochrome P450 oxidoreductase 613571;Antley-Bixler syndrome with genital anomalies and disordered steroidogenesis 201750
PORCN,PORCN,ENSG00000102312,FOCAL DERMAL HYPOPLASIA
POU1F1,POU1F1,ENSG00000064835,POU1F1-RELATED COMBINED PITUITARY HORMONE DEFICIENCY
PPIB,PPIB,ENSG00000166794,"Osteogenesis imperfecta, type IX 259440"
PPP1CB,PPP1CB,ENSG00000213639,"Rasopathy with developmental delay, short stature and sparse slow-growing hair"
PPP2R1A,PPP2R1A,ENSG00000105568,INTELLECTUAL DISABILITY
PPP2R5D,PPP2R5D,ENSG00000112640,INTELLECTUAL DISABILITY
PQBP1,PQBP1,ENSG00000102103,RENPENNING S(YNDROME 1
PRG4,PRG4,ENSG00000116690,Camptodactyly-arthropathy-coxa vara-pericarditis syndrome 208250
PRKAR1A,PRKAR1A,ENSG00000108946,ACRODYSOSTOSIS
PRKD1,PRKD1,ENSG00000184304,Syndromic congenital heart defects
PRMT7,PRMT7,ENSG00000132600,Pseudohypoparathyroidism-like disorder
PRSS56,PRSS56,ENSG00000237412,MICROPHTHALMIA ISOLATED TYPE 6
PSAP,PSAP,ENSG00000197746,ATYPICAL KRABBE DISEASE
PSAT1,PSAT1,ENSG00000135069,"Neu-Laxova syndrome 2, 616038;NEU-LAXOVA SYNDROME;PHOSPHOSERINE AMINOTRANSFERASE DEFICIENCY"
PSPH,PSPH,ENSG00000146733,PHOSPHOSERINE PHOSPHATASE DEFICIENCY;NEU-LAXOVA
PTCH1,PTCH1,ENSG00000185920,HOLOPROSENCEPHALY-7;BASAL CELL NEVUS SYNDROME
PTDSS1,PTDSS1,ENSG00000156471,LENZ-MAJEWSKI HYPEROSTOTIC DWARFISM
PTF1A,PTF1A,ENSG00000168267,"DIABETES MELLITUS, PERMANENT NEONATAL, WITH CEREBELLAR AGENESIS;PANCREATIC AGENESIS"
PTH1R,PTH1R,ENSG00000160801,CHONDRODYSPLASIA BLOMSTRAND TYPE;EIKEN SKELETAL DYSPLASIA;JANSEN METAPHYSEAL CHONDRODYSPLASIA;PRIMARY FAILURE OF TOOTH ERUPTION
PTHLH,PTHLH,ENSG00000087494,"BRACHYDACTYLY, TYPE E2;CLUBBING WITH SKELETAL DYSPLASIA INC ACROOSTEOLYSIS"
PTPN11,PTPN11,ENSG00000179295,LEOPARD SYNDROME TYPE 1;NOONAN SYNDROME 1
PTS,PTS,ENSG00000150787,6-PYRUVOYLTETRAHYDROPTERIN SYNTHASE DEFICIENCY
PUF60,PUF60,ENSG00000179950,PUF60 syndrome
PYCR1,PYCR1,ENSG00000183010,"CUTIS LAXA, AUTOSOMAL RECESSIVE, TYPE IIB"
QRICH1,QRICH1,ENSG00000198218,QRICH1 syndrome
RAB18,RAB18,ENSG00000099246,WARBURG MICRO SYNDROME TYPE 3
RAB23,RAB23,ENSG00000112210,ACROCEPHALOPOLYSYNDACTYLY TYPE 2
RAB3GAP1,RAB3GAP1,ENSG00000115839,WARBURG MICRO SYNDROME TYPE 1
RAB3GAP2,RAB3GAP2,ENSG00000118873,MARTSOLF SYNDROME
RAC1,RAC1,ENSG00000136238,Developmental Disorders with Diverse Phenotypes
RAD21,RAD21,ENSG00000164754,COHESINOPATHY
RAF1,RAF1,ENSG00000132155,NOONAN SYNDROME 5
RAI1,RAI1,ENSG00000108557,SMITH-MAGENIS SYNDROME
RAPSN,RAPSN,ENSG00000165917,FETAL AKINESIA DEFORMATION SEQUENCE;CONGENITAL MYASTHENIC SYNDROME WITH ACETYLCHOLINE RECEPTOR DEFICIENCY
RARB,RARB,ENSG00000077092,MICROPHTHALMIA AND DIAPHRAGMATIC HERNIA
RARS2,RARS2,ENSG00000146282,PONTOCEREBELLAR HYPOPLASIA TYPE 6
RASA1,RASA1,ENSG00000145715,PARKES WEBER SYNDROME;CAPILLARY MALFORMATION-ARTERIOVENOUS MALFORMATION
RAX,RAX,ENSG00000134438,MICROPHTHALMIA ISOLATED TYPE 3
RBM8A,RBM8A,ENSG00000131795,THROMBOCYTOPENIA-ABSENT RADIUS SYNDROME
RBPJ,RBPJ,ENSG00000168214,ADAMS OLIVER SYNDROME
RECQL4,RECQL4,ENSG00000160957,RAPADILINO SYNDROME;ROTHMUND-THOMSON SYNDROME;BALLER-GEROLD SYNDROME
RELN,RELN,ENSG00000189056,LISSENCEPHALY 2
REN,REN,ENSG00000143839,Renal tubular dysgenesis 267430
RERE,RERE,ENSG00000142599,Phenocopy of Proximal 1p36 Deletions
RET,RET,ENSG00000165731,RENAL AGENESIS;MULTIPLE ENDOCRINE NEOPLASIA IIB
RFX6,RFX6,ENSG00000185002,MARTINEZ-FRIAS SYNDROME
RIPK4,RIPK4,ENSG00000183421,"POPLITEAL PTERYGIUM SYNDROME, LETHAL TYPE"
RIT1,RIT1,ENSG00000143622,NOONAN SYNDROME 8
RMRP,RMRP,ENSG00000269900,CARTILAGE-HAIR HYPOPLASIA
RNASEH2A,RNASEH2A,ENSG00000104889,AICARDI-GOUTIERES SYNDROME 4
RNASEH2B,RNASEH2B,ENSG00000136104,AICARDI-GOUTIERES SYNDROME 2
RNASEH2C,RNASEH2C,ENSG00000172922,AICARDI-GOUTIERES SYNDROME 3
RNASET2,RNASET2,ENSG00000026297,"LEUKOENCEPHALOPATHY, CYSTIC, WITHOUT MEGALENCEPHALY"
RNU4ATAC,RNU4ATAC,ENSG00000264229,"MICROCEPHALIC OSTEODYSPLASTIC PRIMORDIAL DWARFISM, TYPE I"
ROBO1,ROBO1,ENSG00000169855,tetralogy of Fallot and septal defects
ROGDI,ROGDI,ENSG00000067836,KOHLSCHAYTTER-TANZ SYNDROME
ROR2,ROR2,ENSG00000169071,"ROR2-RELATED DISORDERS AR;BRACHYDACTYLY, TYPE B1;ROBINOW SYNDROME, AUTOSOMAL DOMINANT"
RPGRIP1L,RPGRIP1L,ENSG00000103494,MECKEL SYNDROME TYPE 5;COACH SYNDROME;JOUBERT SYNDROME TYPE 7
RPL11,RPL11,ENSG00000142676,Diamond-Blackfan anemia 7 612562;Diamond-Blackfan anemia with cleft palate and abnormal thumbs
RPL5,RPL5,ENSG00000122406,Diamond-Blackfan anemia 6 612561
RPS10,RPS10,ENSG00000124614,Diamond-Blackfan anemia 9 613308
RPS17,RPS17,ENSG00000182774,Diamond-Blackfan anemia 4 612527
RPS19,RPS19,ENSG00000105372,RPS19-RELATED DIAMOND-BLACKFAN ANEMIA
RPS26,RPS26,ENSG00000197728,Diamond-Blackfan anemia 10 613309
RPS6KA3,RPS6KA3,ENSG00000177189,COFFIN-LOWRY SYNDROME
RRM2B,RRM2B,ENSG00000048392,Mitochondrial depletion syndrome
RTEL1,RTEL1,ENSG00000258366,"DYSKERATOSIS CONGENITA, AUTOSOMAL RECESSIVE 5;DYSKERATOSIS CONGENITA, AUTOSOMAL DOMINANT 4"
RTTN,RTTN,ENSG00000176225,BILATERAL DIFFUSE POLYMICROGYRIA
RUNX2,RUNX2,ENSG00000124813,CLEIDOCRANIAL DYSPLASIA
RYR1,RYR1,ENSG00000196218,MINICORE MYOPATHY WITH EXTERNAL OPHTHALMOPLEGIA
SALL1,SALL1,ENSG00000103449,TOWNES-BROCKS SYNDROME
SALL4,SALL4,ENSG00000101115,DUANE-RADIAL RAY SYNDROME;ACRO-RENAL-OCULAR SYNDROME
SAMD9,SAMD9,ENSG00000205413,"MIRAGE - myelodysplasia, infection, restriction of growth, adrenal hypoplasia, genital phenotypes, enteropathy"
SAMHD1,SAMHD1,ENSG00000101347,AICARDI-GOUTIERES SYNDROME
SATB2,SATB2,ENSG00000119042,NONSPECIFIC SEVERE ID;SYNDROMAL PIERRE ROBIN SEQUENCE;CLEFT PALATE ISOLATED
SBDS,SBDS,ENSG00000126524,SHWACHMAN-DIAMOND SYNDROME
SC5D,SC5D,ENSG00000109929,LATHOSTEROLOSIS
SCARF2,SCARF2,ENSG00000244486,VAN DEN ENDE-GUPTA SYNDROME
SCN2A,SCN2A,ENSG00000136531,NONSPECIFIC SEVERE ID;INFANTILE EPILEPTIC ENCEPHALOPATHY;BENIGN FAMILIAL NEONATAL INFANTILE SEIZURES
SCN4A,SCN4A,ENSG00000007314,PARAMYOTONIA CONGENITA OF VON EULENBURG;HYPERKALEMIC PERIODIC PARALYSIS TYPE 1;HYPOKALEMIC PERIODIC PARALYSIS
SCO2,SCO2,ENSG00000130489,FATAL INFANTILE CARDIOENCEPHALOMYOPATHY DUE TO CYTOCHROME C OXIDASE DEFICIENCY
SDCCAG8,SDCCAG8,ENSG00000054282,SENIOR-LOKEN SYNDROME 7
SEC23B,SEC23B,ENSG00000101310,"ANEMIA, DYSERYTHROPOIETIC CONGENITAL, TYPE II"
SEPSECS,SEPSECS,ENSG00000109618,Pontocerebellar hypoplasia type 2D
SETBP1,SETBP1,ENSG00000152217,DEVELOPMENTAL AND EXPRESSIVE LANGUAGE DELAY;SCHINZEL-GIEDION MIDFACE RETRACTION SYNDROME
SETD5,SETD5,ENSG00000168137,"MENTAL RETARDATION, AUTOSOMAL DOMINANT 23"
SF3B4,SF3B4,ENSG00000143368,"ACROFACIAL DYSOSTOSIS 1, NAGER TYPE"
SGPL1,SGPL1,ENSG00000166224,"Fetal hydrops;Nephrotic syndrome type 14, 617575"
SH3PXD2B,SH3PXD2B,ENSG00000174705,FRANK-TER HAAR SYNDROME
SHH,SHH,ENSG00000164690,HOLOPROSENCEPHALY TYPE 3;TRIPHALANGEAL THUMB-POLYSYNDACTYLY SYNDROME;MICROPHTHALMIA ISOLATED WITH COLOBOMA TYPE 5;SOLITARY MEDIAN MAXILLARY CENTRAL INCISOR
SHOC2,SHOC2,ENSG00000108061,NOONAN-LIKE SYNDROME WITH LOOSE ANAGEN HAIR
SHOX,SHOX,ENSG00000185960,LANGER MESOMELIC DYSPLASIA;LERI-WEILL DYSCHONDROSTEOSIS
SIK3,SIK3,ENSG00000160584,"Spondyloepimetaphyseal dysplasia, Krakow type, 618162"
SIL1,SIL1,ENSG00000120725,"Marinesco-Sjogren syndrome, 248800"
SIX3,SIX3,ENSG00000138083,HOLOPROSENCEPHALY
SIX5,SIX5,ENSG00000177045,BRANCHIOOTORENAL SYNDROME TYPE 2
SKI,SKI,ENSG00000157933,SHPRINTZEN-GOLDBERG CRANIOSYNOSTOSIS SYNDROME
SLC10A7,SLC10A7,ENSG00000120519,Chondrodysplasia with multiple dislocations and amelogenesis imperfecta
SLC12A1,SLC12A1,ENSG00000074803,"Bartter syndrome, type 1 601678"
SLC12A6,SLC12A6,ENSG00000140199,AGENESIS OF THE CORPUS CALLOSUM WITH PERIPHERAL NEUROPATHY
SLC13A5,SLC13A5,ENSG00000141485,EPILEPTIC ENCEPHALOPATHY WITH SEIZURE ONSET IN THE FIRST DAYS OF LIFE
SLC16A2,SLC16A2,ENSG00000147100,MCT8 (SLC16A2)-SPECIFIC THYROID HORMONE CELL TRANSPORTER DEFICIENCY
SLC17A5,SLC17A5,ENSG00000119899,SALLA DISEASE;INFANTILE SIALIC ACID STORAGE DISORDER
SLC25A20,SLC25A20,ENSG00000178537,CARNITINE-ACYLCARNITINE TRANSLOCASE DEFICIENCY
SLC25A24,SLC25A24,ENSG00000085491,"Gorlin-Chaudhry-Moss syndrome (GCMS);Syndrome with Hypertrichosis, Progeroid Appearance, and Mitochondrial Dysfunction"
SLC25A38,SLC25A38,ENSG00000144659,"ANEMIA, SIDEROBLASTIC, PYRIDOXINE-REFRACTORY, AUTOSOMAL RECESSIVE"
SLC26A2,SLC26A2,ENSG00000155850,MULTIPLE EPIPHYSEAL DYSPLASIA TYPE 4;ACHONDROGENESIS TYPE 1B;ATELOSTEOGENESIS TYPE 2;DIASTROPHIC DYSPLASIA
SLC26A3,SLC26A3,ENSG00000091138,"Chloride diarrhea, congenital, Finnish type 214700"
SLC27A4,SLC27A4,ENSG00000167114,ICHTHYOSIS PREMATURITY SYNDROME
SLC2A10,SLC2A10,ENSG00000197496,ARTERIAL TORTUOSITY SYNDROME
SLC33A1,SLC33A1,ENSG00000169359,"AUTOSOMAL-RECESSIVE DISORDER WITH CONGENITAL CATARACTS, HEARING LOSS, AND LOW SERUM COPPER AND CERULOPLASMIN"
SLC35A2,SLC35A2,ENSG00000102100,CONGENITAL DISORDER OF GLYCOSYLATION
SLC35C1,SLC35C1,ENSG00000181830,CONGENITAL DISORDER OF GLYCOSYLATION TYPE 2C
SLC35D1,SLC35D1,ENSG00000116704,SCHNECKENBECKEN DYSPLASIA
SLC39A8,SLC39A8,ENSG00000138821,Intellectual Disability with Cerebellar Atrophy
SLX4,SLX4,ENSG00000188827,FANCONI ANEMIA COMPLEMENTATION GROUP P
SMAD3,SMAD3,ENSG00000166949,SMAD3-RELATED LOEYS-DIETZ SYNDROME
SMAD4,SMAD4,ENSG00000141646,MYHRE SYNDROME;JUVENILE POLYPOSIS/HEREDITARY HEMORRHAGIC TELANGIECTASIA SYNDROME;JUVENILE POLYPOSIS SYNDROME
SMARCA2,SMARCA2,ENSG00000080503,NICOLAIDES-BARAITSER SYNDROME;COFFIN SIRIS
SMARCA4,SMARCA4,ENSG00000127616,RHABDOID TUMOR PREDISPOSITION SYNDROME 2;COFFIN SIRIS
SMARCB1,SMARCB1,ENSG00000099956,RHABDOID PREDISPOSITION SYNDROME 1;?COFFIN-SIRIS SYNDROME
SMC1A,SMC1A,ENSG00000072501,CORNELIA DE LANGE SYNDROME TYPE 2;EPILEPTIC ENCEPHALOPATHY
SMC3,SMC3,ENSG00000108055,CORNELIA DE LANGE SYNDROME TYPE 3
SMCHD1,SMCHD1,ENSG00000101596,Isolated Arhinia/Bosma Arhinia syndrome
SMG9,SMG9,ENSG00000105771,"SMG9 Multiple Congenital Anomaly Syndrome;Heart and brain malformation syndrome, 616920"
SMN1,SMN1,ENSG00000172062,Spinal muscular atrophy 253550;Spinal muscular atrophy 271150;Spinal muscular atrophy 253400;Spinal muscular atrophy 253300
SMO,SMO,ENSG00000128602,Curry-Jones Syndrome
SMOC1,SMOC1,ENSG00000198732,OPHTHALMOACROMELIC SYNDROME
SMPD1,SMPD1,ENSG00000166311,NIEMANN-PICK DISEASE TYPE B;NIEMANN-PICK DISEASE TYPE A
SNORD118,SNORD118,ENSG00000200463,Leukoencephalopathy with cerebral calcification & cysts
SNRPB,SNRPB,ENSG00000125835,CEREBRO-COSTO-MANDIBULAR SYNDROME
SNX14,SNX14,ENSG00000135317,"ID, MACROCEPHALY AND CEREBELLAR HYPOPLASIA"
SON,SON,ENSG00000159140,"Intellectual Disability, Congenital Malformations, and Failure to Thrive"
SOS1,SOS1,ENSG00000115904,NOONAN SYNDROME 4
SOS2,SOS2,ENSG00000100485,"Fetal hydrops;Noonan syndrome 9, 616559"
SOST,SOST,ENSG00000167941,"SOST-Related Sclerosing Bone Dysplasias 122860;Sclerosteosis 1, 269500;Craniodiaphyseal dysplasia, autosomal dominant, 122860"
SOX10,SOX10,ENSG00000100146,"PERIPHERAL DEMYELINATING NEUROPATHY, CENTRAL DYSMYELINATING LEUKODYSTROPHY, WAARDENBURG SYNDROME, AND HIRSCHSPRUNG DISEASE;KALLMANN SYNDROME WITH DEAFNESS;YEMENITE DEAF-BLIND HYPOPIGMENTATION SYNDROME;WAARDENBURG SYNDROME TYPE 4C;WAARDENBURG SYNDROME TYPE 2E"
SOX17,SOX17,ENSG00000164736,VESICOURETERAL REFLUX TYPE 3
SOX2,SOX2,ENSG00000181449,AEG SYNDROME;MICROPHTHALMIA SYNDROMIC TYPE 3
SOX3,SOX3,ENSG00000134595,SEX REVERSAL TYPE 3;MENTAL RETARDATION X-LINKED WITH ISOLATED GROWTH HORMONE DEFICIENCY
SOX9,SOX9,ENSG00000125398,PIERRE ROBIN SEQUENCE;CAMPOMELIC DYSPLASIA
SPAG1,SPAG1,ENSG00000104450,PRIMARY CILIARY DYSKINESIA ASSOCIATED WITH DEFECTIVE OUTER AND INNER DYNEIN ARMS.
SPATA5,SPATA5,ENSG00000145375,"EPILEPSY, HEARING LOSS, AND MENTAL RETARDATION SYNDROME"
SPEG,SPEG,ENSG00000072195,CENTRONUCLEAR MYOPATHY WITH DILATED CARDIOMYOPATHY
SPG11,SPG11,ENSG00000104133,SPASTIC PARAPLEGIA-11
SPRED1,SPRED1,ENSG00000166068,LEGIUS SYNDROME
SRCAP,SRCAP,ENSG00000080603,FLOATING-HARBOR SYNDROME
SRD5A2,SRD5A2,ENSG00000049319,Pseudovaginal perineoscrotal hypospadias 264600
SRD5A3,SRD5A3,ENSG00000128039,CONGENITAL DISORDERS OF GLYCOSYLATION
SRY,SRY,ENSG00000184895,46XY SEX REVERSAL 1
STAG2,STAG2,ENSG00000101972,STAG2-related developmental delay with microcephaly and congenital anomalies
STAMBP,STAMBP,ENSG00000124356,MICROCEPHALY CAPILLARY MALFORMATION (MIC-CAP) SYNDROME
STAR,STAR,ENSG00000147465,CHOLESTEROL DESMOLASE-DEFICIENT CONGENITAL ADRENAL HYPERPLASIA
STRA6,STRA6,ENSG00000137868,MICROPHTHALMIA SYNDROMIC TYPE 9
SUCLG1,SUCLG1,ENSG00000163541,FATAL INFANTILE LACTIC ACIDOSIS
SUMF1,SUMF1,ENSG00000144455,"SULFATIDOSIS, JUVENILE, AUSTIN TYPE"
SUZ12,SUZ12,ENSG00000178691,Weaver-like overgrowth syndrome;Imagawa-Matsumoto syndrome #618786
TAB2,TAB2,ENSG00000055208,"CONGENITAL HEART DISEASE, NONSYNDROMIC, 2"
TAF1,TAF1,ENSG00000147133,"Dysmorphic Features, Intellectual Disability, and Neurological Manifestations"
TALDO1,TALDO1,ENSG00000177156,"Fetal hydrops;Transaldolase deficiency, 606003"
TAPT1,TAPT1,ENSG00000169762,COMPLEX LETHAL OSTEOCHONDRODYSPLASIA
TAZ,TAZ,ENSG00000102125,BARTH SYNDROME
TBC1D20,TBC1D20,ENSG00000125875,Warburg micro syndrome 4 615663;Warburg micro syndrome 4
TBC1D23,TBC1D23,ENSG00000036054,Non-degenerative Pontocerebellar Hypoplasia
TBC1D24,TBC1D24,ENSG00000162065,"MYOCLONIC EPILEPSY, INFANTILE, FAMILIAL;DOORS SYNDROME;NON SYNDROMAL HEARING LOSS"
TBCD,TBCD,ENSG00000141556,Early-Onset Neurodegenerative Encephalopathy
TBCE,TBCE,ENSG00000116957,Early-Onset Progressive Encephalopathy with Distal Spinal Muscular Atrophy;HYPOPARATHYROIDISM-RETARDATION-DYSMORPHISM SYNDROME;KENNY-CAFFEY SYNDROME TYPE 1
TBCK,TBCK,ENSG00000145348,Severe Infantile Syndromic Encephalopathy
TBL1XR1,TBL1XR1,ENSG00000177565,Intellectual disability with autism spectrum disorder;Pierpont syndrome
TBX1,TBX1,ENSG00000184058,22Q11.2 DELETION SYNDROME
TBX15,TBX15,ENSG00000092607,"Craniofacial Dysmorphism, Hypoplasia of Scapula and Pelvis, and Short Stature;Cousin Syndrome"
TBX18,TBX18,ENSG00000112837,CONGENITAL ANOMALIES OF KIDNEY AND URINARY TRACT 2
TBX20,TBX20,ENSG00000164532,ATRIAL SEPTAL DEFECT TYPE 4
TBX3,TBX3,ENSG00000135111,ULNAR-MAMMARY SYNDROME
TBX4,TBX4,ENSG00000121075,SMALL PATELLA SYNDROME
TBX5,TBX5,ENSG00000089225,HOLT-ORAM SYNDROME
TBX6,TBX6,ENSG00000149922,Spondylocostal dysostosis 5 122600
TCF12,TCF12,ENSG00000140262,CORONAL CRANIOSYNOSTOSIS
TCF4,TCF4,ENSG00000196628,PITT-HOPKINS SYNDROME
TCIRG1,TCIRG1,ENSG00000110719,"Osteopetrosis, infantile malignant 259700"
TCOF1,TCOF1,ENSG00000070814,TREACHER COLLINS SYNDROME TYPE 1
TCTN1,TCTN1,ENSG00000204852,Joubert syndrome 13 614173;JOUBERT SYNDROME AND RELATED DISORDERS
TCTN2,TCTN2,ENSG00000168778,JOUBERT SYNDROME AND RELATED DISORDERS
TCTN3,TCTN3,ENSG00000119977,MOHR-MAJEWSKI SYNDROME
TFAP2A,TFAP2A,ENSG00000137203,BRANCHIOOCULOFACIAL SYNDROME
TFAP2B,TFAP2B,ENSG00000008196,CHAR SYNDROME
TGDS,TGDS,ENSG00000088451,CATEL-MANZKE SYNDROME
TGFB2,TGFB2,ENSG00000092969,"LOEYS-DIETZ SYNDROME, TYPE 4"
TGFB3,TGFB3,ENSG00000119699,LOEYS-DIETZ SYNDROME
TGFBR1,TGFBR1,ENSG00000106799,LOEYS-DIETZ SYNDROME TYPE 2A;LOEYS-DIETZ SYNDROME TYPE 1A;AORTIC ANEURYSM FAMILIAL THORACIC TYPE 5
TGFBR2,TGFBR2,ENSG00000163513,LOEYS-DIETZ SYNDROME;TGFBR2-RELATED LOEYS-DIETZ SYNDROME
TGIF1,TGIF1,ENSG00000177426,Holoprosencephaly 4 142946;HOLOPROSENCEPHALY
TGM1,TGM1,ENSG00000092295,"Ichthyosis, congenital, autosomal recessive 242300"
THOC6,THOC6,ENSG00000131652,Beaulieu-Boycott-Innes syndrome
THRA,THRA,ENSG00000126351,"HYPOTHYROIDISM, CONGENITAL, NONGOITROUS, 6"
TINF2,TINF2,ENSG00000092330,EXUDATIVE RETINOPATHY WITH BONE MARROW FAILURE
TMCO1,TMCO1,ENSG00000143183,"CRANIOFACIAL DYSMORPHISM, SKELETAL ANOMALIES, AND MENTAL RETARDATION SYNDROME"
TMEM138,TMEM138,ENSG00000149483,Joubert syndrome 16 614465
TMEM165,TMEM165,ENSG00000134851,"CONGENITAL DISORDER OF GLYCOSYLATION, TYPE IIK"
TMEM231,TMEM231,ENSG00000205084,Joubert syndrome 20 614970;Meckel syndrome 11 615397
TMEM237,TMEM237,ENSG00000155755,JOUBERT SYNDROME 14
TMEM5,TMEM5,ENSG00000118600,SEVERE COBBLESTONE LISSENCEPHALY
TMEM67,TMEM67,ENSG00000164953,JOUBERT SYNDROME TYPE 6;MECKEL SYNDROME TYPE 3;COACH SYNDROM;NEPHRONOPHTHISIS TYPE 11
TNNI2,TNNI2,ENSG00000130598,"Arthrogryposis multiplex congenita, distal, type 2B 601680"
TNNT1,TNNT1,ENSG00000105048,"Nemaline myopathy, Amish type 605355"
TOP3A,TOP3A,ENSG00000177302,Bloom Syndrome like Disorder
TP63,TP63,ENSG00000073282,ECTODERMAL DYSPLASIA RAPP-HODGKIN TYPE;ECTRODACTYLY-ECTODERMAL DYSPLASIA-CLEFT LIP/PALATE SYNDROME TYPE 3;SPLIT-HAND/FOOT MALFORMATION TYPE 4;ANKYLOBLEPHARON-ECTODERMAL DEFECTS-CLEFT LIP/PALATE;LIMB-MAMMARY SYNDROME;NON-SYNDROMIC OROFACIAL CLEFT TYPE 8;ACRO-DERMATO-UNGUAL-LACRIMAL-TOOTH SYNDROME
TPM2,TPM2,ENSG00000198467,"ARTHROGRYPOSIS, DISTAL, TYPE 1;Arthrogryposis multiplex congenita, distal, type 1, 108120;Arthrogryposis, distal, type 2B, 601680"
TPM3,TPM3,ENSG00000143549,Congenital fiber-type disproportion myopathy 255310
TRAF7,TRAF7,ENSG00000131653,"Developmental Delay, Congenital Anomalies, and Dysmorphic Features;Cardiac, facial, and digital anomalies with developmental delay, 618164"
TRAPPC9,TRAPPC9,ENSG00000167632,MENTAL RETARDATION AUTOSOMAL RECESSIVE TYPE 13
TREX1,TREX1,ENSG00000213689,"AICARDI-GOUTIERES SYNDROME 1, DOMINANT AND RECESSIVE"
TRIM37,TRIM37,ENSG00000108395,MULIBREY NANISM
TRIP11,TRIP11,ENSG00000100815,ACHONDROGENESIS TYPE 1A
TRIP12,TRIP12,ENSG00000153827,TRIP12-related intellectual disability with/without autism spectrum disorder
TRIP4,TRIP4,ENSG00000103671,Prenatal Spinal Muscular Atrophy and Congenital Bone Fractures
TRPS1,TRPS1,ENSG00000104447,TRICHO-RHINO-PHALANGEAL SYNDROME TYPE 1
TRPV4,TRPV4,ENSG00000111199,"METATROPIC DYSPLASIA;SPONDYLOMETAPHYSEAL DYSPLASIA, KOZLOWSKI TYPE"
TRPV6,TRPV6,ENSG00000165125,"Transient Neonatal Hyperparathyroidism;Hyperparathyroidism, transient neonatal, 618188"
TSC1,TSC1,ENSG00000165699,TUBEROUS SCLEROSIS TYPE 1
TSC2,TSC2,ENSG00000103197,LYMPHANGIOLEIOMYOMATOSIS;TUBEROUS SCLEROSIS TYPE 2
TSEN54,TSEN54,ENSG00000182173,"PONTOCEREBELLAR HYPOPLASIA TYPE 2 AND TYPE 4;Pontocerebellar hypoplasia type 2A, 277470;Pontocerebellar hypoplasia type 4, 225753"
TTC21B,TTC21B,ENSG00000123607,Short-rib thoracic dysplasia 4 with or without polydactyly 613819
TTC37,TTC37,ENSG00000198677,TRICHOHEPATOENTERIC SYNDROME
TTC7A,TTC7A,ENSG00000068724,"INTESTINAL ATRESIA, MULTIPLE"
TTC8,TTC8,ENSG00000165533,RETINITIS PIGMENTOSA TYPE 51;BARDET-BIEDL SYNDROME TYPE 8
TTN,TTN,ENSG00000155657,congenital titinopathy with arthrogryposis
TUBA1A,TUBA1A,ENSG00000167552,INTELLECTUAL DISABILITY;LISSENCEPHALY TYPE 3
TUBB,TUBB,ENSG00000196230,"CORTICAL DYSPLASIA, COMPLEX, WITH OTHER BRAIN MALFORMATIONS 6;Circumferential Skin Creases Kunze Type"
TUBB2A,TUBB2A,ENSG00000137267,"CORTICAL DYSPLASIA, COMPLEX, WITH OTHER BRAIN MALFORMATIONS 5"
TUBB2B,TUBB2B,ENSG00000137285,POLYMICROGYRIA ASYMMETRIC
TUBB4A,TUBB4A,ENSG00000104833,HYPOMYELINATION WITH ATROPHY OF THE BASAL GANGLIA AND CEREBELLUM
TUBGCP6,TUBGCP6,ENSG00000128159,MICROCEPHALY AND CHORIORETINOPATHY WITH OR WITHOUT MENTAL RETARDATION
TWIST1,TWIST1,ENSG00000122691,"SAETHRE-CHOTZEN SYNDROME;CRANIOSYNOSTOSIS, TYPE 1"
TWIST2,TWIST2,ENSG00000233608,"ABLEPHARON MACROSTOMIA SYNDROME;SETLEIS SYNDROME;Ablepharon-macrostomia syndrome, 200110;Barber-Say syndrome, 209885"
TXNL4A,TXNL4A,ENSG00000141759,BURN MCKEOWN SYNDROME
UBA1,UBA1,ENSG00000130985,"Spinal muscular atrophy, X-linked 2, infantile 301830"
UBE3B,UBE3B,ENSG00000151148,BLEPHAROPHIMOSIS-MENTAL RETARDATION
UBR1,UBR1,ENSG00000159459,JOHANSON-BLIZZARD SYNDROME
UMPS,UMPS,ENSG00000114491,OROTIC ACIDURIA TYPE 1
UROS,UROS,ENSG00000188690,CONGENITAL ERYTHROPOIETIC PORPHYRIA
VIPAS39,VIPAS39,ENSG00000151445,"ARTHROGRYPOSIS, RENAL DYSFUNCTION, AND CHOLESTASIS 2"
VLDLR,VLDLR,ENSG00000147852,CEREBELLAR ATAXIA MENTAL RETARDATION AND DYSEQUILIBRIUM SYNDROME TYPE 1
VPS13B,VPS13B,ENSG00000132549,COHEN SYNDROME
VPS33B,VPS33B,ENSG00000184056,"ARTHROGRYPOSIS, RENAL DYSFUNCTION, AND CHOLESTASIS 1"
VPS53,VPS53,ENSG00000141252,"PONTOCEREBELLAR HYPOPLASIA, TYPE 2E 615851;Progressive cerebella-cerebral atrophy type 2"
VSX2,VSX2,ENSG00000119614,MICROPHTHALMIA WITH CATARACTS AND IRIS ABNORMALITIES;MICROPHTHALMIA ISOLATED WITH COLOBOMA TYPE 3;MICROPHTHALMIA ISOLATED TYPE 2
WDPCP,WDPCP,ENSG00000143951,BARDET-BIEDL SYNDROME TYPE 15
WDR19,WDR19,ENSG00000157796,ASPHYXIATING THORACIC DYSTROPHY 5;CRANIOECTODERMAL DYSPLASIA 4
WDR26,WDR26,ENSG00000162923,"Intellectual Disability, Seizures, Abnormal Gait, and Distinctive Facial Features"
WDR34,WDR34,ENSG00000119333,SHORT-RIB POLYDACTYLY SYNDROME TYPE III;SEVERE ASPHYXIATING THORACIC DYSPLASIA
WDR35,WDR35,ENSG00000118965,"CRANIOECTODERMAL DYSPLASIA 2;SHORT RIB-POLYDACTYLY SYNDROME, TYPE V"
WDR60,WDR60,ENSG00000126870,JEUNE SYNDROMES;SHORT-RIB POLYDACTYLY
WDR62,WDR62,ENSG00000075702,MICROCEPHALY CORTICAL MALFORMATIONS AND MENTAL RETARDATION
WNT1,WNT1,ENSG00000125084,OSTEOGENESIS IMPERFECTA
WNT10B,WNT10B,ENSG00000169884,SPLIT-HAND/FOOT MALFORMATION TYPE 6
WNT5A,WNT5A,ENSG00000114251,"WNT5A-RELATED ROBINOW SYNDROME, AUTOSOMAL DOMINANT"
WNT7A,WNT7A,ENSG00000154764,FUHRMANN SYNDROME;LIMB/PELVIS-HYPOPLASIA/APLASIA SYNDROME
WRAP53,WRAP53,ENSG00000141499,"DYSKERATOSIS CONGENITA, AUTOSOMAL RECESSIVE 3"
WT1,WT1,ENSG00000184937,FRASIER SYNDROME FRASIER SYNDROME FRASIER SYNDROME;DENYS-DRASH SYNDROME
XRCC4,XRCC4,ENSG00000152422,PRIMORDIAL DWARFISM
XYLT1,XYLT1,ENSG00000103489,DESBUQUOIS DYSPLASIA 2
YY1,YY1,ENSG00000100811,INTELLECTUAL DISABILITY
ZBTB18,ZBTB18,ENSG00000179456,ZBTB18 syndrome
ZBTB20,ZBTB20,ENSG00000181722,PRIMROSE SYNDROME
ZC4H2,ZC4H2,ENSG00000126970,ARTHROGRYPOSIS MULTIPLEX CONGENITA AND INTELLECTUAL DISABILITY
ZEB2,ZEB2,ENSG00000169554,MOWAT-WILSON SYNDROME
ZFP57,ZFP57,ENSG00000204644,"DIABETES MELLITUS, 6Q24-RELATED TRANSIENT NEONATAL"
ZIC1,ZIC1,ENSG00000152977,CRANIOSYNOSTOSIS 6
ZIC2,ZIC2,ENSG00000043355,HOLOPROSENCEPHALY
ZIC3,ZIC3,ENSG00000156925,"VACTERL ASSOCIATION, X-LINKED, WITH OR WITHOUT HYDROCEPHALUS;HETEROTAXY SYNDROME"
ZMPSTE24,ZMPSTE24,ENSG00000084073,"MANDIBULOACRAL DYSPLASIA WITH TYPE B LIPODYSTROPHY;LETHAL RESTRICTIVE DERMOPATHY, ZMPSTE24-RELATED"
